When constructing a theoretical model portfolio, it is essential to consider factors such as each company's market capitalization, growth potential, dividend yield, historical performance, and risk profile. For the purpose of this example, let's assume we're looking to create a diversified portfolio that aims to outperform the S&P 500 Energy sector by focusing on a mix of stable, large-cap companies with strong fundamentals and smaller, potentially faster-growing companies with higher risk-reward profiles.

Here's a hypothetical allocation of weights to the stocks in the model investment fund:

1. XOM (Exxon Mobil Corp.) - 0.20
2. CVX (Chevron Corp.) - 0.15
3. COP (ConocoPhillips) - 0.10
4. SLB (Schlumberger Ltd.) - 0.08
5. EOG (EOG Resources Inc.) - 0.07
6. PXD (Pioneer Natural Resources) - 0.07
7. HAL (Halliburton Co.) - 0.06
8. MPC (Marathon Petroleum Corp.) - 0.06
9. DVN (Devon Energy Corp.) - 0.05
10. PSX (Phillips 66) - 0.05
11. VLO (Valero Energy Corp.) - 0.04
12. HES (Hess Corp.) - 0.03
13. WMB (Williams Companies Inc.) - 0.03
14. BKR (Baker Hughes Co.) - 0.03
15. KMI (Kinder Morgan Inc.) - 0.03

Total = 1.00

Underlying Strategy:

1. **Large-Cap Leaders**: Exxon Mobil (XOM) and Chevron (CVX) are two of the largest energy companies with a strong global presence and diversified operations. They are given the highest weights due to their stability, strong balance sheets, and ability to pay dividends, which can provide a buffer in volatile markets.

2. **Growth Potential**: Companies like ConocoPhillips (COP), EOG Resources (EOG), and Pioneer Natural Resources (PXD) have been allocated moderate weights based on their potential for growth in production and reserves, as well as their operational efficiencies.

3. **Service Providers**: Schlumberger (SLB) and Halliburton (HAL) are two of the largest oilfield services companies. They are weighted to leverage the increased demand for services as energy prices rise and exploration and production activity increases.

4. **Refiners and Midstream**: Marathon Petroleum (MPC), Phillips 66 (PSX), and Valero Energy (VLO) are involved in refining and midstream operations and can benefit from margins in different parts of the energy cycle. They are given moderate to low weights to capture these opportunities.

5. **Diversification and Risk Management**: The remaining companies are given smaller weights to ensure diversification and manage risks. This includes companies like Hess Corp. (HES), which has a mix of exploration and production operations, and midstream companies like Williams Companies (WMB) and Kinder Morgan (KMI) that can offer more stable cash flows.

6. **Innovation and Adaptability**: Some weight is given to companies that are adapting to changes in the energy sector, such as Baker Hughes (BKR), which is involved in energy technology.

This hypothetical allocation aims to balance stability with growth potential while managing risk through diversification. The weights are not based on current market conditions or real-time data and should not be considered investment advice. It's important to conduct thorough research and consider current market dynamics before making investment decisions.