Creating a model portfolio requires considering various factors such as the company's market capitalization, growth potential, risk profile, industry diversification, and historical performance. For the purpose of this exercise, we'll assume a strategy that aims to balance between industry leaders with stable growth and companies with potential for higher growth. We'll also consider diversification across different sub-sectors within healthcare, such as pharmaceuticals, medical devices, and health insurance.

Here's a hypothetical allocation of weights to the stocks in the model portfolio, with the underlying logic for the allocation:

1. **Johnson & Johnson (JNJ)** - **0.12**: As a large, diversified healthcare company with a stable dividend, JNJ represents a conservative investment. It gets a higher weight due to its size and stability.

2. **UnitedHealth Group (UNH)** - **0.12**: UNH is a leader in the health insurance sector and has shown consistent growth. Its diversification within healthcare services merits a significant weight.

3. **Pfizer (PFE)** - **0.10**: Pfizer has a strong pipeline of drugs and has been at the forefront in the COVID-19 vaccine race. Its potential for continued revenue growth from the vaccine and other drugs justifies a substantial weight.

4. **Abbott Laboratories (ABT)** - **0.08**: Abbott has a diversified product portfolio and has shown growth in medical devices, diagnostics, and nutritional products.

5. **Merck & Co. (MRK)** - **0.08**: As a pharmaceutical company with a strong pipeline and a history of successful drug development, Merck is allocated a moderate weight.

6. **Amgen (AMGN)** - **0.07**: Amgen, a biotech firm, has a good mix of established products and a promising pipeline, which could lead to growth.

7. **Eli Lilly and Company (LLY)** - **0.08**: LLY has been successful in developing new drugs and has a strong presence in the diabetes and cancer treatment markets.

8. **Bristol-Myers Squibb (BMY)** - **0.07**: BMY has a strong lineup of cancer drugs and a robust pipeline, which could drive future growth.

9. **AbbVie (ABBV)** - **0.07**: AbbVie has a good track record of growth, particularly with its blockbuster drug Humira, and its acquisition of Allergan adds to its portfolio.

10. **Thermo Fisher Scientific (TMO)** - **0.06**: As a leading company in the life sciences industry, TMO is well-positioned for growth in research and diagnostics.

11. **Danaher Corporation (DHR)** - **0.05**: Danaher's exposure to the diagnostics and life sciences tools market makes it a solid choice for diversification.

12. **Intuitive Surgical (ISRG)** - **0.04**: ISRG is a leader in robotic surgery, a field with significant growth potential, but it's given a lower weight due to its higher valuation and specific market focus.

13. **Gilead Sciences (GILD)** - **0.04**: Gilead has a strong presence in the antiviral space but has faced some challenges, justifying a smaller allocation.

14. **Regeneron Pharmaceuticals (REGN)** - **0.04**: Regeneron has a strong pipeline and has performed well with its eye and eczema treatments, but it's smaller and more specialized.

15. **Medtronic (MDT)** - **0.05**: Medtronic, as a large medical device company, has a steady growth profile and is a key player in its market.

The weights add up to 1.00, and the allocation strategy focuses on balancing stable, large-cap companies with those that have higher growth potential. The portfolio is diversified across various healthcare sectors to mitigate sector-specific risks. It's important to note that this is a hypothetical example and actual portfolio construction would require a more in-depth analysis including current market conditions, detailed company analysis, and risk assessment.