Creating a model portfolio involves considering various factors such as the company's market capitalization, growth prospects, financial health, dividend yield, and historical performance. For the purpose of this exercise, I will use a hypothetical strategy that combines elements of market capitalization weighting with a tilt towards companies that may have better growth prospects or strategic advantages. This is not investment advice, and actual portfolio management would require deeper analysis and consideration of current market conditions.

Here's a simplified example of how the weights might be distributed, based on the following strategy:

1. **Market Capitalization Tilt**: Larger companies are given a base weight proportional to their size, as they typically have more stability and resources.
2. **Growth Prospects**: Additional weight is given to companies with strong growth prospects or those benefiting from current economic trends.
3. **Diversification**: Ensuring that no single stock's weight is too large to avoid excessive concentration risk.
4. **Industry Trends**: Companies that are leaders in areas with strong tailwinds, such as sustainability, infrastructure, or defense, receive a slight boost.

Here's a hypothetical allocation:

1. **HON (Honeywell International)**: 0.10 - Diversified industrial with a strong presence in aerospace and building technologies.
2. **LMT (Lockheed Martin)**: 0.08 - A leading defense contractor, which could benefit from increased defense spending.
3. **CAT (Caterpillar)**: 0.08 - Heavy equipment manufacturer that could benefit from infrastructure spending.
4. **DE (Deere & Company)**: 0.06 - Agriculture and construction machinery, with a growing focus on technology and automation.
5. **MMM (3M)**: 0.06 - Diversified industrial with a broad product line, offering stability.
6. **GE (General Electric)**: 0.07 - Undergoing restructuring, which could lead to improved future performance.
7. **UNP (Union Pacific)**: 0.07 - A major railroad operator that could benefit from shifts in trade patterns and transportation.
8. **CSX (CSX Corporation)**: 0.06 - Another major railroad with a focus on the Eastern United States.
9. **UPS (United Parcel Service)**: 0.07 - E-commerce growth may continue to drive demand for shipping and logistics.
10. **FDX (FedEx)**: 0.06 - Similar to UPS, could benefit from e-commerce and has a global network.
11. **RTX (Raytheon Technologies)**: 0.07 - Aerospace and defense company with a diverse product portfolio.
12. **NOC (Northrop Grumman)**: 0.07 - Defense and aerospace, with a focus on technology and innovation.
13. **NSC (Norfolk Southern)**: 0.06 - Competes with CSX and UNP in the rail industry.
14. **EMR (Emerson Electric)**: 0.05 - Industrial conglomerate with a focus on automation and commercial & residential solutions.
15. **ITW (Illinois Tool Works)**: 0.05 - Diversified manufacturer known for innovation and a strong portfolio of brands.

Total: 1.00

This allocation is purely illustrative and does not take into account the current financial data or market conditions. In reality, the weights would be adjusted based on up-to-date financial analysis, risk assessment, and investment goals. Portfolio rebalancing would also be necessary to maintain the desired weightings as market values change over time. It's important to conduct thorough research or consult with a financial advisor before making investment decisions.