Creating a model portfolio that aims to outperform a specific sector of the S&P 500, such as the consumer discretionary sector, involves considering various factors such as market trends, company fundamentals, growth potential, and risk diversification. Here is a hypothetical example of how you might distribute the weightage of the stocks in the portfolio:

1. **Amazon (AMZN)** - 0.20
   - Strategy: As a leading e-commerce and cloud computing company, Amazon has diverse revenue streams and significant market influence. The high allocation reflects its growth potential and dominant market position.

2. **Tesla (TSLA)** - 0.15
   - Strategy: Tesla is a leader in the electric vehicle (EV) market, which is expected to grow substantially. This weight reflects its innovative edge and potential for significant long-term growth.

3. **Home Depot (HD)** - 0.10
   - Strategy: Home Depot is a stable company with consistent performance and dividends. It serves as a defensive play within the sector to balance out more aggressive growth stocks.

4. **Nike (NKE)** - 0.10
   - Strategy: Nike has a strong brand and global presence. This allocation balances the portfolio with a company that has a proven track record and growth in international markets.

5. **McDonald's (MCD)** - 0.08
   - Strategy: McDonald's has a strong global franchise model and is considered a defensive stock due to its consistent performance, even during economic downturns.

6. **Starbucks (SBUX)** - 0.07
   - Strategy: Starbucks has a strong brand and is expanding globally. It's a growth-oriented allocation but with a more moderate weight due to competition and market saturation risks.

7. **Lowe's (LOW)** - 0.05
   - Strategy: Similar to Home Depot, Lowe's provides stability and has room for growth, especially in home improvement trends.

8. **Booking Holdings (BKNG)** - 0.05
   - Strategy: As a leading online travel agency, Booking Holdings is well-positioned to benefit from the recovery in travel post-pandemic. This weight reflects a balance between growth potential and sector-specific risks.

9. **General Motors (GM)** - 0.04
   - Strategy: GM is investing heavily in EVs and autonomous driving technology. This smaller allocation reflects a balance between its traditional business and future growth areas.

10. **TJX Companies (TJX)** - 0.04
   - Strategy: TJX has a strong off-price retail model that is resilient to economic cycles. This weight reflects its defensive characteristics and steady performance.

11. **Ford (F)** - 0.03
   - Strategy: Ford is another traditional automaker transitioning to EVs. This smaller weight reflects its potential to catch up in the EV race while acknowledging the risks involved.

12. **Best Buy (BBY)** - 0.03
   - Strategy: Best Buy is adapting well to the e-commerce trend and has a solid presence in electronics retail. This allocation is conservative due to the highly competitive nature of the sector.

13. **Yum! Brands (YUM)** - 0.02
   - Strategy: Yum! Brands, with its diverse portfolio of restaurants, offers growth potential, especially in emerging markets. The smaller weight mitigates the risk of changing consumer tastes.

14. **Marriott (MAR)** - 0.02
   - Strategy: Marriott is a leading hotel chain that stands to benefit from the travel industry's recovery. The smaller allocation accounts for the potential volatility in the travel sector.

15. **Lululemon Athletica (LULU)** - 0.02
   - Strategy: Lululemon is a high-growth athleisure brand with a strong direct-to-consumer model. The smaller weight reflects its niche market and higher valuation.

The total of these weights adds up to 1.00. The underlying strategy for this allocation is to balance growth potential with risk diversification. The portfolio is weighted more heavily towards companies that have strong market positions, growth potential, and are leaders in their respective industries, such as Amazon and Tesla. It also includes stable companies with consistent performance and dividends to provide a defensive balance. The weights are also adjusted to account for sector-specific risks and the potential for market volatility.

Please note that this is a hypothetical model portfolio and does not constitute investment advice. Actual investment decisions should be based on thorough analysis and tailored to individual risk tolerance and investment goals.