When designing a model portfolio that aims to outperform a specific index, such as the S&P 500 Consumer Staples sector index, it's important to consider factors like historical performance, company fundamentals, growth potential, market trends, and risk diversification. However, since this is a hypothetical example, we don't have actual data or analysis to rely on, so I will create an illustrative allocation based on general principles and hypothetical strategies.

Let's assume the following strategy for our model portfolio:

1. **Market Leaders and Stability**: We will allocate higher weights to companies with a strong market presence, stable earnings, and consistent dividend payments, as they are likely to provide a stable foundation for the portfolio.

2. **Growth Potential**: We will also consider companies that have potential for higher growth within the consumer staples sector, possibly due to product innovation, market expansion, or superior management strategies.

3. **Diversification**: We aim to diversify across different sub-sectors within consumer staples to mitigate sector-specific risks.

Given these strategies, here is a hypothetical allocation for the 15 stocks:

1. **Procter & Gamble (PG)**: 0.15 - As a leading consumer goods company, PG often has a stable performance and strong dividends.
2. **Coca-Cola (KO)**: 0.10 - A global beverage leader with a strong brand and dividend history.
3. **PepsiCo (PEP)**: 0.10 - Similar to KO, but with a broader product line including snacks.
4. **Walmart (WMT)**: 0.10 - The world's largest retailer offers stability and growth potential.
5. **Costco (COST)**: 0.10 - A leading wholesale retailer with a strong membership model and growth potential.
6. **Colgate-Palmolive (CL)**: 0.08 - A leading company in personal care products with a global presence.
7. **Mondelez International (MDLZ)**: 0.07 - A strong player in snacks with growth potential in emerging markets.
8. **General Mills (GIS)**: 0.06 - A solid food company with diverse brands.
9. **Kimberly-Clark (KMB)**: 0.05 - A leading company in personal care and tissue products.
10. **Estée Lauder (EL)**: 0.05 - A leader in prestige beauty with a strong growth trajectory.
11. **Hershey (HSY)**: 0.04 - A dominant player in chocolate with a strong brand.
12. **McCormick & Company (MKC)**: 0.04 - A leader in spices and condiments with consistent growth.
13. **Church & Dwight (CHD)**: 0.03 - A smaller player with potential for growth and acquisition strategies.
14. **Kellogg (K)**: 0.03 - A stable food company with diversification into plant-based foods.
15. **Clorox (CLX)**: 0.03 - Known for its cleaning products, it has potential due to increased hygiene awareness.

These weights add up to 1.00 and reflect a balance between market leaders with stable dividends (PG, KO, PEP, WMT, COST), companies with growth potential (COST, MDLZ, EL), and a diversification across different types of consumer staples products. The weights are hypothetical and should be adjusted based on actual financial analysis and market conditions.

Please note that this is a simplified example and does not take into account the many factors that professional fund managers would consider when constructing a portfolio. Additionally, past performance is not indicative of future results, and investing always involves risks, including the potential loss of principal.