Creating a model portfolio that aims to outperform a specific sector index involves considering various factors such as company size, performance, growth potential, risk, and diversification. Since the task is hypothetical, let's assume we have some guiding principles for our strategy:

1. Diversification: We want to avoid overconcentration in any single stock to reduce risk.
2. Market Capitalization: Larger companies tend to be more stable, so we might give them a slightly higher weight.
3. Growth Potential: Companies with higher growth potential might receive a higher weight.
4. Sector Representation: We want to ensure that different subsectors within financials are represented (e.g., banking, investment services, insurance, credit services).
5. Recent Performance: We might consider giving a higher weight to companies that have shown strong recent performance, assuming it may continue.
6. Risk Management: We may underweight or overweight certain stocks based on perceived risk.

Given these principles, here's a hypothetical allocation:

1. JPMorgan Chase & Co. (JPM) - Large and stable, leader in the banking sector: 0.10
2. Bank of America Corp (BAC) - Another large bank with significant operations: 0.09
3. Wells Fargo & Co (WFC) - A large bank, but with some recent challenges: 0.06
4. Goldman Sachs Group Inc (GS) - Leading investment bank with global operations: 0.08
5. Morgan Stanley (MS) - Strong investment bank, similar to GS: 0.08
6. Berkshire Hathaway Inc. (BRK.B) - Diversified holdings, stable growth: 0.12
7. BlackRock Inc (BLK) - Largest asset manager in the world, stable growth potential: 0.09
8. Charles Schwab Corp (SCHW) - Diversification into brokerage services: 0.07
9. American Express Co (AXP) - Leading in credit services, different exposure than banks: 0.07
10. Visa Inc (V) - Leading payment technology company, consistent growth: 0.08
11. Mastercard Inc (MA) - Similar to Visa, strong global presence: 0.07
12. Progressive Corp (PGR) - Insurance sector representative, strong performance: 0.05
13. S&P Global Inc (SPGI) - Diversification into financial information and analytics: 0.03
14. U.S. Bancorp (USB) - A regional banking leader, for additional diversification: 0.04
15. PNC Financial Services Group Inc (PNC) - Another regional bank, for diversification: 0.04

These allocations are based on the hypothetical strategy outlined above and are not meant to be investment recommendations. The weights add up to 1.00, which represents the entire portfolio.

Please note that actual fund management would require a much more nuanced analysis, including looking at financial metrics, industry trends, macroeconomic factors, and more. Moreover, portfolio weights should be adjusted over time as conditions change. This example is purely illustrative and does not constitute financial advice.