Creating a model portfolio requires a strategy that aligns with the investment goals, such as growth, value, income, or a combination. For this hypothetical portfolio, let's assume the goal is to outperform the S&P 500 Information Technology sector by focusing on a blend of growth and value, while considering market trends, company fundamentals, and diversification.

Here's a hypothetical allocation, along with the underlying strategy:

1. **AAPL** - Weight: 0.20
   - Apple is a large-cap stock with a strong track record of growth and profitability. It has a diverse revenue stream and a loyal customer base.

2. **MSFT** - Weight: 0.20
   - Microsoft has a solid foothold in both consumer and enterprise markets, with growing segments like cloud computing (Azure) and a stable income from its Office suite.

3. **NVDA** - Weight: 0.10
   - NVIDIA is a leader in graphics processing technology and is well-positioned to benefit from trends in gaming, data centers, and AI.

4. **AMD** - Weight: 0.10
   - AMD has been gaining market share in the CPU and GPU markets and is increasingly competitive with Intel.

5. **ADBE** - Weight: 0.08
   - Adobe has a strong subscription-based business model with its Creative Cloud suite of applications and is a leader in digital media software.

6. **CRM** - Weight: 0.08
   - Salesforce is a leader in customer relationship management software and has been expanding its cloud-based offerings.

7. **ACN** - Weight: 0.06
   - Accenture is a well-diversified IT services company with a broad global reach and a strong consulting arm.

8. **QCOM** - Weight: 0.05
   - Qualcomm is a key player in wireless technology and stands to benefit from the global rollout of 5G networks.

9. **AVGO** - Weight: 0.05
   - Broadcom has a diversified portfolio of semiconductor and infrastructure software solutions and a strong position in the data center and networking markets.

10. **INTC** - Weight: 0.03
    - Intel is going through a transition phase but is still a significant player in the semiconductor industry. This smaller allocation reflects its current challenges but still maintains exposure.

11. **CSCO** - Weight: 0.02
    - Cisco Systems is a major player in networking equipment and is transitioning more towards software and recurring revenues.

12. **TXN** - Weight: 0.02
    - Texas Instruments has a broad portfolio of chips and is well-positioned in the analog semiconductor space.

13. **IBM** - Weight: 0.02
    - IBM is focusing on cloud computing and AI with its Red Hat acquisition but is still in the midst of a turnaround.

14. **ORCL** - Weight: 0.02
    - Oracle is transitioning to the cloud and has a strong enterprise customer base for its database and software services.

15. **NOW** - Weight: 0.02
    - ServiceNow is a growing company in the IT service management space but is weighted lower due to its high valuation relative to earnings.

The weights add up to 1.00 and reflect a strategy that:

- Prioritizes industry leaders with strong market positions and growth prospects (AAPL, MSFT, NVDA, AMD).
- Includes companies with stable cash flows and subscription-based revenue models (ADBE, CRM).
- Maintains exposure to companies with potential for recovery or transition (INTC, IBM).
- Diversifies across various sub-sectors within technology to reduce idiosyncratic risk.
- Adjusts weights based on the current market outlook, company performance, and valuation metrics.

This is just a hypothetical example, and actual portfolio construction would require a more in-depth analysis of each company, the current economic environment, and the investor's risk tolerance and investment horizon.