Date,APA,BKR,CVX,COP,CTRA,DVN,FANG,EOG,EQT,XOM,HAL,HES,KMI,MRO,MPC,OXY,OKE,PSX,PXD,SLB,TRGP,VLO,WMB
2023-04-04,-0.028061195903785197,-0.02206625662657169,-0.005354478699090115,-0.019553568257490106,-0.0011942228131813781,-0.010692231397066876,-0.019247966167619812,-0.01474345604930627,0.02138373300817409,-0.009558176384519057,-0.02551318773495459,-0.01804753650826274,-0.010192451291688331,-0.02278764382576426,-0.07239759208668228,-0.005369775417088496,-0.00030736702654987624,-0.044990823177647354,-0.012232342329157153,-0.035734731571853584,-0.009680425332463716,-0.08012703928209142,-0.006030131169701525
2023-04-05,-0.0028871054729611156,-0.007179473286615834,0.004969303360170763,0.013640558695537708,0.012753996076387386,0.014979094466047282,0.00938931842660562,0.006269945439147939,0.003694490819220686,0.017127433995786312,-0.005115860038875986,0.0091542205938826,0.013157887190548223,-0.0011659815061459966,0.054760938586190244,-0.004010394526546723,0.014606322102654445,0.06257636870466854,-0.0017080231381845223,0.004756193505150552,0.008034303571532675,0.060111395402099754,0.009100037924073101
2023-04-06,0.0021058299256850876,-0.018250659502846767,-0.013126976833102932,-0.013828240780791479,-0.018496577484445553,-0.011582260880444673,-0.016995390220382323,-0.008307750266491887,-0.01472386324651509,-0.016582565685166584,-0.010586923763692191,-0.009352442826064289,0.0,-0.007003830164427516,-0.030367194706846123,-0.02369525721106025,-0.004546012600785021,-0.015225647548597454,-0.010646401690628915,-0.021301709113603406,-0.004649340224580412,-0.01850622225908527,-0.00968607032462876
2023-04-10,0.02679270602215822,0.011224116160970965,0.0038174645486992453,-0.0029173851673182094,0.02846827420508058,0.009071976056213016,0.018783395562280036,0.008377347174715055,0.03953931248190745,-0.0044329109303260505,0.011617454364560631,0.010292378922944323,0.002258619520427718,0.009404382071328543,0.019894482157923887,0.01665600121037314,0.00578463197521395,0.020614634235787133,0.057936234293190836,0.008464358418462936,0.0062726608446546095,0.018930695873855097,0.006408189412982823
2023-04-11,0.021233030511020434,0.011099466338256647,0.0055261076407531196,0.007550781084080915,0.012085850125510778,0.01704440956134068,0.013827675667195338,0.01088300357044436,0.0008983638331900856,0.007071753971072958,0.01934098593149125,0.01735408834733887,0.007887240831381925,0.013586925143317163,0.007238644338246392,0.004369049234830946,0.00544875440928938,0.014291114774175107,0.0007718927163371525,0.021982353823298384,0.012201488832007001,0.011917023544930627,0.011059000540605712
2023-04-12,-0.007014070402453609,0.003430585560159072,0.0035458199528661805,0.0073067237401509555,-0.0077041719409104426,0.004419873478503256,-0.0011021324230253704,0.0051775070322099825,-0.023040081544889346,-0.0010402174186765478,-0.004150629146186802,0.00946138996713719,-0.003912759538892363,-0.018766728067644678,-0.014902893441413823,0.007301376407635285,-0.0027096731775050342,-0.0040390453101220025,0.02137131336002196,0.016425480725935637,-0.002620518857232468,-0.02187114171828597,0.005303234732357831
2023-04-13,0.020938524287931193,0.00683771375823472,0.013367007178679113,0.0140425697306501,-0.0007764441402852151,0.012467989987806405,0.005034258523617163,-0.0016051306447217861,0.00673802609864782,0.004686158454898726,0.0065496515367575725,0.007388648893351002,-0.002805790615357795,0.0015612163343878827,0.0019966576714833817,-0.0010796578289616887,0.007849019713169314,0.002263544922096461,0.012527651552396879,-0.0017314731958553153,0.006568663260836827,-0.004412165696704884,0.005604946108200615
2023-04-14,0.007659896963214896,-0.010186915425592469,0.0020338615198443044,-0.004952309722485948,0.000777047474243231,0.008692470683473674,0.0068615482468949995,0.0026383863693244525,0.008214241377419107,0.002418684147362571,-0.005323863096349801,0.011409190441084682,0.002250993314267813,0.0027280203391488733,0.0022991397086129517,-0.00447726958044059,0.003894035722423972,-9.404591747563806e-05,0.009126071149348824,0.011370232623147292,0.016836332260093068,-0.009539562926368705,-0.003606477222417026
2023-04-17,-0.03163301285885611,0.0,-0.00881474549390271,-0.026635910654544626,-0.0031056251041740035,-0.007181326110189845,-0.014583597398449277,-0.006825236445966998,-0.010561143147640006,-0.011632919985572698,-0.005649590187967846,-0.02202383684460152,-0.0016843970034350342,-0.0361446009245876,-0.011316657832081911,-0.02388335337904146,-0.009249529937340406,-0.022021532625319806,-0.007739195803947774,-0.008003003421546695,-0.018097806735315247,-0.026998326163591657,-0.002303450727534906
2023-04-18,-0.0017726604337426899,0.012006949519242305,-0.00234024576167291,-0.006249447432764232,0.00311530005824201,-0.0014466253499247905,0.0005530201676167135,-0.014737505221314007,0.015858457824550642,0.019529157348929793,0.013157827789328502,0.001029873846531748,-0.0044994543143001,-0.0024194116820106526,-0.0018560854446517672,0.0009533133893169232,0.004969180030387932,0.003752849643465783,0.0011392246357986302,0.0021129185982555754,0.0047057941099974965,-0.009275174235789718,-0.005276998901661889
2023-04-19,-0.015981781989351074,0.03593214518542287,0.0009382572696270408,0.002953800528341599,-0.0023291809638887884,-0.00670048816463642,-0.006980841992781706,-0.001680551542965758,-0.002701912095660619,-0.0031639899697178953,0.0067886265994001604,-0.005898443790340657,-0.005649738633745405,-0.0032335757858052983,-0.0206881074509776,-0.008412680598256506,-0.005843558695240336,-0.0119834870108525,-0.005120677259408235,0.00881729903017936,-0.008196694778021207,-0.021320101799715774,-0.002652562494902866
2023-04-20,-0.021795496332325803,-0.0153796122630665,-0.004862796832072025,-0.014060481163330252,-0.005447570173293226,-0.015132153380609359,-0.012041403400739559,-0.004545549188738174,-0.014750341690043522,-0.007978068171040964,-0.007036127805719161,-0.006554414332460956,-0.014204541894495604,-0.015815065147625873,-0.005538362887422377,-0.007043479707436684,-0.004521526667673692,-0.01756256746616025,-0.008842554163737248,-0.012540284263306889,-0.00878930115192944,-0.011655913918978689,-0.00831108130975211
2023-04-21,-0.012466836734955189,-0.014290382814671876,-0.004298043460576051,-0.014646291421154034,-0.003912293076475337,-0.007219576867404709,-0.0059884971418460164,-0.008033165784308238,-0.004277258544196361,0.003199694289651278,-0.01387650318604483,-0.0010417467472277897,0.00115274208161531,-0.00741665819743631,-0.01718523272876271,-0.0025793602040008468,0.003785043052496606,-0.010864169402820645,-0.002308119542899223,-0.04175495358690762,0.0006618478272726325,-0.02700290946052597,0.003352333639619509
2023-04-24,0.016653066356442592,0.017869220757050552,0.013954742521127939,0.013592736213207557,0.009426581367275366,0.015662817858182576,0.017010387950625816,0.015940672573589998,0.004602674467186096,0.018877565551630227,0.032035899546566826,0.013139504590584883,0.01439262725153534,0.026567078541829492,0.024123740286718487,0.014385008550529488,0.010407216048068602,0.005391876622075964,0.010944138367166678,0.008433764994614235,0.018251504060083024,0.0030929566609332326,0.013364465859792674
2023-04-25,-0.041479434772178414,-0.029811209738986433,-0.014520696649498066,-0.015050664474279385,-0.02140081069875821,-0.023131952310139647,-0.028991493532965373,-0.02106055199335677,-0.03146007292334607,-0.01421316293267727,-0.03539308265528163,-0.0312907463231511,-0.011918376338851622,-0.04003235430020702,-0.026559183457824376,-0.022785197349094566,-0.02149569704145049,-0.013606111029436763,-0.02112310801585837,-0.0250896943975073,-0.019223164058618236,-0.01791674955692424,-0.013188212444822156
2023-04-26,-0.02508273261742089,-0.018094883373285686,-0.017811737734617195,-0.01586842460334492,-0.01829027131002181,-0.018981393589780016,-0.017225373588749315,-0.008656850345234779,-0.011037471558823064,-0.009183015912586634,-0.046015046093314194,0.01260890442802487,-0.011487695095036332,-0.01895530767165421,-0.005034481654393241,-0.01744668336790689,-0.012662141815550587,-0.0005034507418857359,0.00017984690434325046,-0.024101206348754678,-0.014965067813777821,-0.010267258239773036,-0.01637157182822513
2023-04-27,0.008199042160216052,0.0027816709420567243,0.005844044225967515,0.007564642176331127,0.01903596614816916,0.0009577683654236058,0.008252343909223248,0.001556227886068795,0.06951533089238904,0.011953257685566765,0.008827222117043565,-0.010283242590287234,0.006391832472102621,0.008158005912557664,-0.008977420835315275,0.00531043779095608,0.008961701904418584,-0.015412450266716338,-0.043464563071258455,0.0037672683339757818,0.005414217707476299,-0.017146773967525175,0.012567875184240629
2023-04-28,0.033370789620041696,0.013869504189351067,0.009763421526831406,0.016398154999780035,0.017488198098577046,0.022583867070121055,0.02998697589638133,0.03133635819661018,0.03875960515709709,0.01292468603908592,0.02343751557706697,0.025303908393999208,0.006632541196098574,0.028960785344436024,0.00469408683530026,0.015681712178993612,0.016551462518210602,0.012891259405696465,0.022273312852742144,0.02898239528905666,0.016828279169422755,0.00026167951289668423,0.015095657195744794
2023-05-01,0.0013568670353105716,-0.012311934761451648,-0.007948635796872106,-0.0034988562557849434,-0.006249994284866056,-0.0035560476853087053,-0.001898735019796094,-0.006947362420674064,-0.016360411056338897,-0.03101225660677165,-0.006106968653169065,-0.012064028460867404,-0.002915493469579866,-0.00496684439888484,0.0037705068556144195,-0.00585089253744564,-0.00030587380973368106,-0.006060540163707495,-0.0025740879611992895,-0.004052617368317524,-0.0017211422380452035,0.006453345619181539,0.003304696522671735
2023-05-02,-0.06883462843949939,-0.052977748845141726,-0.043052089309709274,-0.03794005007061285,-0.044418337105657235,-0.047520752526144405,-0.04847455995649996,-0.05925490508382625,-0.04201924433063231,-0.03985347729236699,-0.0826420155153138,-0.04347217005901771,-0.024561431837107572,-0.054076577269659865,-0.044830986411020235,-0.01847296614928673,-0.04052599729007167,-0.03729673788088783,-0.034471614952745866,-0.06042725239311464,-0.04164462835311833,-0.04011791250393226,-0.03491441471632051
2023-05-03,-0.005529768578145244,0.004021865609924458,-0.02005731024893631,-0.02585161806778291,-0.008638338111145005,-0.0335240085350923,-0.04642722890952644,-0.005286263527937707,-0.04051176393600231,-0.019709474520209436,-0.02377761115363053,-0.01291222021856897,-0.007194134869898283,-0.020668345709272007,-0.058989521300848,-0.01782147205409168,0.0012750623417359108,0.012878613888502422,-0.008209629165028764,-0.019705513863224056,-0.01203980757768408,-0.0335800834344292,-0.011604096164370192
2023-05-04,-0.05589706979576248,-0.008740009129579396,-0.00388959624716001,0.013216823873476002,0.0016597697788827137,-0.015710935471306198,-0.0216648630478814,0.002612123462406357,-0.014603185224757342,-0.017511226484448805,-0.004459657007624962,-0.032296104266706704,0.004830843654048067,-0.00853174133371426,-0.04551652306921716,-0.0045786190779384395,-0.003024573014877796,-0.03793643370467481,-0.008325773955843219,-0.004417948399450089,-0.028575545501769883,-0.02568642811668498,0.004834314881893009
2023-05-05,0.029758341243481867,0.0367377695720168,0.02554088748664851,0.030916192935745324,0.039353748654100906,0.04394690637136889,0.05405201341336485,0.02569403241024948,0.04220347852529738,0.024896213476280904,0.029634598340262608,0.04093474769798111,0.024038449571975873,0.03849637875293621,0.0175138729818598,0.03390113571404507,0.030017661025187214,0.01224139948887415,0.029894284608850352,0.015087629634361832,0.03648157040431621,0.026171960853000664,0.037113349595996104
2023-05-08,-0.004214281960668864,-0.0038979436225913267,-0.003932341512253079,0.005280359591887773,-0.009167044016863857,0.012708557269493825,-0.001581484150352308,0.0016641613742880423,-0.0018546092995989083,0.00395659987442909,0.0023428456693850297,0.004255358563066247,-0.008216010531678974,-0.004797181381117177,0.016931672316899515,-0.028505504263829695,-0.015346478814253883,0.005565069573039816,0.0006125573129300843,0.018797889276693125,-0.00876443257349846,0.0031763433798754903,-0.020543457404818777
2023-05-09,0.002418336061496884,0.0028459237997167097,-0.0028826375266528537,0.0062438561862199204,-0.0008044751164750785,-0.035882433078518794,0.002413522196848872,-0.005159145525249653,0.005600528399784643,0.0002749089108591285,0.005008298640004183,-0.00526007603861367,-0.002958505648305576,0.0035057227211849895,0.020513319282742914,0.0,0.005352595414991335,0.00021290160300013738,-0.005227164032778009,0.012014520382338967,-0.0009824483818975382,0.009499004237138342,-0.0037211623184045806
2023-05-10,-0.010856432905299584,-0.010642100373680963,-0.012757556149389226,-0.010440369799905591,-0.015297961803157789,-0.021557929869311376,-0.012038080886275115,-0.014151277031054899,-0.003712831999657551,-0.01282756534806917,-0.01794018025739985,-0.006756686469214124,-0.0035608348894867747,-0.010043678987905924,0.007030816158820619,-0.03578697142964582,-0.010178525112476744,0.002660201944265861,-0.010083395016999841,-0.027771843202504698,-0.005338582550728166,0.024077505357654516,-0.009847230480751645
2023-05-11,0.008536608198097095,-0.01900312791237524,-0.005538249152366448,-0.005772725300459469,-0.0040882342737444954,-0.017667829333493867,-0.021687449158073968,-0.014532797882017001,-0.009316820403601045,-0.01809898849958591,-0.03619753234676648,-0.02003865110907921,-0.005360222152264504,-0.008822297232646936,-0.014500513882541588,0.018997376947646583,-0.006011699362102552,-0.008808348177482106,-0.009134006007256557,-0.03750551478468622,-0.015677935735189164,-0.003152828036916744,-0.005486920635651149
2023-05-12,-0.0030230076427498753,0.010964870093505663,0.0025604581978484475,-0.004605035216680431,0.018062361080013023,0.00550155951573883,0.002663244372473228,-0.0009952466402901594,0.0485894153268549,-9.466013237913184e-05,0.0042120447541122985,0.001961850328756398,0.005987872615220047,-0.0035602432143743146,-0.001998203731888748,0.002761980897749483,0.01416521918258895,-0.0019270981819845545,-0.011679472193256712,-0.0015858103857560035,0.0028697027936051,-0.0012652330516997878,0.009655156267873055
2023-05-15,-0.0012128929927880394,0.008315196955967386,0.003703212652648169,0.013849501252025664,0.03064511510934209,0.003998308749043389,0.007500095685575747,0.00833173532094178,0.05052304774810268,0.001907149233798311,0.017126828873695432,0.013931799884244755,-0.005952231411750164,0.012505589091301506,0.006825652352010936,0.007402353587861121,-0.09055241993780416,0.01072722207917054,0.0097665970990497,0.012026234522638068,0.01273427657788373,0.02162513084112483,-0.006147521115895338
2023-05-16,-0.0397693396590888,-0.016134824534470904,-0.023473242291714547,-0.02213582922384727,-0.030516435508030293,-0.03311672256989351,-0.031792916580709485,-0.03332132745924321,-0.00939097690260804,-0.02426953402645382,-0.041924514612454056,-0.0336452321379912,-0.023952199056905932,-0.026584045193473238,-0.02848562814245248,-0.006493651276917034,-0.023641085814047447,-0.02472933913191555,-0.027081881212068448,-0.030269031252511014,-0.03207111347758396,-0.02896120269356195,-0.015463969569655234
2023-05-17,0.029402473811439345,0.0014577771234594028,0.014331434230906437,0.026919552338276587,-0.0056497424209634994,0.034251003552274506,0.02178443626603932,0.029452835287953727,0.0,0.022434575097685316,0.03802020269267525,0.015986482097120946,0.00920246438015293,0.033682374435314744,0.03634660502062026,0.013415974246477225,0.010957998445646489,0.031559485361459805,0.013818396886718265,0.02890183341246444,0.01372056521284315,0.022437130539354033,0.010471286177022199
2023-05-18,0.004606930537337739,0.02547311617903114,-0.0012323304886860953,0.0002978947354586037,0.03287349409418283,0.011947157821486254,0.009092314399705481,0.011010759038927898,0.058316498257030114,0.00906316937300855,0.03213539508605834,0.006959607002793078,0.004255343893052377,0.014971369336030937,0.003163723492211501,-0.011371306148077798,0.020629321445560178,0.015718969815934125,4.9016108433219685e-05,0.007865080008362835,0.002879731271043795,-0.004906369401810773,0.008980888457060798
2023-05-19,0.021400182780387134,-0.0003549429492960554,0.007921531645038726,0.018463354942111376,0.0070725797531672185,0.019055577229257326,0.011496030487222031,0.022942304522222567,-0.01655803280398449,0.004632779208114446,0.010043489878253098,0.003305623388176082,0.0,0.000867653912209887,-0.006037164791178773,0.015107243775114076,0.0023980713726901026,-0.0030452470040027713,0.024366414348354626,0.009364581971587738,0.00818383922383914,-0.0025101367128782526,0.001027121568771383
2023-05-22,0.001795866143871283,0.007099862771010601,-0.01797330989654211,0.011013802257447303,0.010144439643430703,0.002438934486656441,0.01712492942163668,-0.00907568924127411,0.002208197610140461,-0.012140075353804014,0.0016573022456987108,-0.0035192997183799424,0.0006053474366571887,0.015604648127083731,0.0029009322852522335,-0.0015220115600494966,-0.007347845835481426,0.006530330124731032,0.010050697463579894,0.016125481737097713,0.014525725323940808,0.023038634654233503,-0.00034204518852809507
2023-05-23,0.01314615339079106,0.0010573551320780528,0.02892941171665009,0.006362578711220923,-0.00463497133112678,-0.004257831613653784,0.003623788795703353,-0.0007927107834104774,-0.012668736938219127,0.013622985853835257,0.011912692250406476,-0.008415968440262933,0.0006049215558725507,0.008962856137553432,-0.006417841075479158,0.010840082606751844,0.007746586127299837,0.0008372429066536569,0.01412059755617534,0.0013043764674129932,-0.003930454042946341,-0.0025711354815046716,0.005131686272965119
2023-05-24,0.013860210633834358,0.011267658994982277,0.0026777881733686115,-0.003927582878406,-0.01008932720685396,0.011402903676330345,0.010908181306986231,-0.0014983005186408604,0.01924688623204407,0.011184093176458632,0.007848216144665132,0.00871467142556126,-0.0024183426298203248,0.01607455661907431,0.005640494050377143,-0.004859320523222133,0.0,0.00961938574945953,-0.007896492490973683,0.003690834954467981,-0.0016910494639041929,0.02035555022627622,-0.003743960381548894
2023-05-25,-0.031413664912219974,-0.02506970456624924,-0.017231600558813454,-0.022023409654425063,-0.01896479406649043,-0.036239206934209234,-0.02515252180862082,-0.025509674936371574,-0.0013683620846762778,-0.017938363403277036,-0.016223242700039497,-0.030050291046375577,-0.016969794912551794,-0.028726112043933938,-0.009227425451344473,-0.00976590322015769,-0.01656990119128421,-0.014705848029322177,-0.022276580541678248,-0.02314523291898163,-0.020186225878378594,-0.014025614581792634,-0.006491315883712656
2023-05-26,0.0033033165037896772,0.002876665066207318,-0.003105528130138535,0.0015733584503048181,-0.023761637189242957,0.004178022351243982,-7.641102044375625e-05,-0.0025363187932423426,-0.010961896520985781,-0.0065304181783238935,-0.003957758319056204,0.00844234159012891,-0.0006165438017254887,-0.0030004244989469964,-0.006482816495263388,0.0022104889418286255,-0.004689961730272474,-0.002417444021202253,0.0015894753182195132,-0.015057476219004995,-0.0031695631149950554,0.005654734199339595,-0.011348025808326057
2023-05-30,-0.035019389805491574,-0.0032269653011315347,-0.00623060702095557,-0.006382014644843004,-0.028465328944773383,-0.023091385717281865,-0.011451159154596158,-0.011896153895366246,-0.028262669649750327,-0.00885965496077079,-0.015562947317096176,-0.017741868731420363,-0.003701423305668361,-0.018056724833242388,-0.00937413461622949,-0.005938210171616665,0.0012216353219138831,-0.013908010645334534,-0.007839137365719173,-0.00382193923806573,-0.010117101027135589,-0.018977347567411096,-0.006608724353034279
2023-05-31,-0.014268062271896254,-0.019784186389906422,-0.016327068813475676,-0.018774675350805126,-0.012738773934923397,-0.018313491409831628,-0.01807094500766726,-0.013969322295176223,-0.0085544208779893,-0.017877774785146072,-0.036326905470366766,-0.009539451290593193,-0.0024766813922587616,-0.02977231140519232,-0.026718558140353288,-0.015872997103519415,-0.01237578322738353,-0.02115600831034592,-0.017343351089504355,-0.033400984309032045,-0.00642427744074392,-0.04137562999555433,0.003501404892402249
2023-06-01,0.008181251076304408,0.0499082922105365,0.01022443465009304,0.00231615836068233,-0.01204304555492508,0.014750547426899407,0.007471509153486489,0.008015710252192942,0.009491020276943818,0.011548224131129325,0.04712043651439046,0.018788946004394624,0.009310936011394322,0.013989112540398807,0.009150678995550887,0.007977761169680075,0.004412245255800196,0.015718810638781333,0.006819049509639852,0.05019838204107163,0.011021302441834413,-0.010369991919176424,0.01570137988225162
2023-06-02,0.05118594193103898,0.03390425215019954,0.02694532027127927,0.028333231110657664,0.04048759056777329,0.03740919328002423,0.025370812633705997,0.03485903448403649,0.04131050060797414,0.023219907708847964,0.0546665936254338,0.03580012060130766,0.030135356293899296,0.035158001416719875,0.028714442503166238,0.02701303218324358,0.03215613707382636,0.04277262410409266,0.02425302171111121,0.03979547737132649,0.0390986909743265,0.031530231633937866,0.03847475541926615
2023-06-05,-0.018111472629071645,0.003042598333066193,-0.00479968423837851,-0.00273562250037529,-0.0071130609436307335,-0.0032968632350005578,-0.007841665224474714,-0.002412417838994818,-0.013953433116258629,-0.004444077468600649,-0.01517063442401445,-0.014737774679757454,0.0005969763325377464,-0.013757457391971206,-0.002020076733748155,-0.004858377809676573,-0.00034053932096034245,-0.010409222178073163,-0.013711309406971184,-0.011759684629911726,-0.00825277722114226,-0.01720498799487824,-0.0029771981922465107
2023-06-06,0.008164425100418704,0.031007707082242986,0.0018005414137038933,-0.001273651734061243,0.018542032609234704,0.011990845793855343,0.004911010785962677,0.010389536090681384,0.03662595575952765,0.00816789630151149,0.007419313906435798,0.0041761502123496275,0.0053699345094635476,0.010462023891905092,0.0031281851489486368,0.0006733747980669502,0.010047727188982947,0.00833167213022401,0.00295782488874452,0.021318286733317704,0.0022566041098144307,0.017506181639827645,0.006967473662273793
2023-06-07,0.03179373557307685,0.0016345222191287423,0.02593237647585478,0.028153764554232463,0.027720326664697925,0.022471923805710503,0.02458756271118956,0.03049373811052858,0.03881162770031321,0.022421161003595147,0.042267047066784746,0.036521709976258476,0.022551876268068982,0.048748924418787976,0.046684448349308294,0.010094278320324834,0.018883815839478624,0.04368940104483343,0.01651513953551098,0.02513316155076528,0.02420498958519679,0.03889445177556672,0.034596384777344724
2023-06-08,-0.011628033611807531,-0.01142292145470547,-0.003691433519182552,-0.0025760254382790615,-0.011674774376131847,-0.0005993785629074821,-0.006260218084729097,-0.0008601532492231723,0.0041226048708282725,-0.003132802817162328,-0.012288701245055988,-0.00043756912828507577,0.005223568120323652,-0.014808688639420864,-0.014809008870595441,-0.0025059311524744388,0.004633440373014608,-0.01890154441980607,0.0010638369232585099,-0.014128424841856502,-0.007007501238321945,-0.009513614219337496,0.009554214826823948
2023-06-09,-0.017352927912551608,-0.009243980796220908,-0.002386360703635737,-0.0062177937944809525,0.0008147114144585466,-0.0029988491835755138,-0.0079496685982271,0.0008608937497793789,-0.01077762865546461,-0.007394428167115552,0.005909653115477642,-0.004597947828275606,-0.01674370471319797,-0.01670154066527707,0.005158782191640343,-0.006531532139469776,-0.014330445442168327,-0.0038330403563541227,-0.010771468362820835,0.0016859068634409446,-0.02020195543815162,0.008448841025116227,-0.027582280132235182
2023-06-12,-0.010475789504835742,-0.007330894415656708,-0.009631088685878919,-0.010299266164731868,-0.0040700834529381336,-0.009424343557260628,-0.01920157586642257,-0.020043038637135857,-0.0062256155417008685,-0.009032542712382297,-0.018862063144882257,-0.011951119544043709,-0.008220834653577258,-0.012738812934756982,-0.005663179813549357,-0.0021915774285767853,-0.0006684276162319813,-0.020048587996437273,-0.015380859114861978,-0.010730002486987411,-0.009461928867575464,-0.0027337941300686897,0.005593908673247272
2023-06-13,0.019661085618569274,0.012755901881523313,0.007500182057663229,0.005738092126018612,0.011442617017345391,0.02004030990402339,0.0024664222377361877,-0.01053370718961466,0.016444756586990072,0.00018803930006794367,0.030570580062460717,0.013357180272693725,0.00828897696263442,0.0038710214237818175,0.0011568582447250009,-0.0070957730981198175,0.008026693524969764,0.0010333005762810377,0.0013389536095320675,0.01999144385096785,0.011120544705087498,0.0,-0.002617799035315782
2023-06-14,-0.0017798839769997965,-0.007623408443811486,-0.008958417832966248,-0.007156013564786234,-0.01979796020826463,-0.014495598369432594,-0.02521912536926707,-0.018186601047633255,-0.012583489535715087,-0.012025543450279397,-0.01987774905509454,-0.0153686132329105,-0.0076336735393469635,-0.022707882599466767,-0.007644466741576816,-0.005104556033041163,0.002488470142625099,-0.012180088088029617,-0.0031695291675576387,-0.014387013405391169,0.000705092060521828,-0.011054143390957893,-0.009186280417173287
2023-06-15,0.03031197941546937,0.010020046536003191,0.007575160750315835,0.014415258209197424,0.03380046866179276,0.013278790286716191,-0.0009464640651558609,0.009306902064379452,0.013003989411803918,0.006941757412284311,0.02059273120760241,0.013280599319275943,0.00650903919112622,0.02104346972762894,0.019616657628461542,-0.0008552337536105181,0.011252650188962932,0.013793120809606485,0.009986114242051425,0.013327796200957254,0.013245084999216061,0.0196726302945196,0.01225161290448007
2023-06-16,-0.008364472431106607,0.010912641583791682,-0.006444221385455973,0.007393074273822631,0.005183406400994128,0.004032299176397025,0.0164218678675645,0.015308926686925517,0.01771494258588735,-0.00717729900447317,-0.003974170420886214,-0.0018407549242172028,0.0017635543237342066,0.009016732515079173,-0.0047439222813906445,-0.0046216635742375445,-0.0026182091385233974,0.0011338349815526172,0.01726597324497181,-0.002505303590369934,-0.0016688161843917415,0.0015785560053898084,-0.001308471311392001
2023-06-20,-0.025596265468616153,-0.025188047283488668,-0.022764863582563466,-0.027544778818750837,-0.03054337237955085,-0.03072283357000316,-0.013748597321104006,-0.02715813428114988,-0.008577225712134484,-0.02292399602117945,-0.03376308794190108,-0.023605906712523272,-0.022300418132840005,-0.02893623449338989,-0.020743231172083876,-0.01582115673202944,-0.02674330227152555,-0.03757844544893385,-0.023984557602599432,-0.010883233145815518,-0.011840012082808493,-0.02845631739722443,0.003602978489569697
2023-06-21,0.021193893050563517,0.023154377404389193,0.007808479879289454,0.016367683265685384,-0.0008183782378861082,0.013880129001134556,0.005513045831727181,0.004894439112602678,0.012213807931035658,0.01119552315095107,0.013977146813812125,0.0054398810131828235,-0.0012005209794622163,0.009640725314496557,0.009554721138543387,0.004193611806000863,-0.0040457887672878945,-0.0021395554470000633,0.007084862197217712,0.01057978957213912,0.014237209237007331,0.005948063181620888,0.005874669126288978
2023-06-22,-0.029231204322185955,-0.01115126743593542,-0.014462822169552969,-0.021889981019817983,-0.020475024369745132,-0.025541460065169885,-0.014255476233965725,-0.023631289665191346,-0.00804425504259565,-0.005487621651235175,-0.020363424115040774,0.00428310861293224,-0.009014433405139854,-0.03428820581937653,-0.005178588110519633,-0.01653038579001931,-0.015064331446929868,-0.02647944906123345,-0.015152250599862693,-0.019262933583236053,-0.010701686425550028,-0.011019535932609514,-0.00811157790152095
2023-06-23,-0.01897009735727917,-0.012603593314262418,-0.008451254654574303,-0.0095632242073872,-0.008361286551448965,-0.011323030323256988,-0.003575655050936599,-0.013210210047126858,-0.007095767098902694,-0.008712531908541599,-0.012152233023181913,-0.015263729060025044,-0.010309270335858156,-0.013483102562121374,0.001974500549902558,-0.007961779979870465,-0.008592534147375486,0.0005506157414143509,-0.007642738604137778,-0.005337327303153283,-0.01770167864000627,0.008243563199234805,0.0006542356556960005
2023-06-26,0.013812187771211848,0.02552907263886328,0.01757513982971526,0.014520237299772143,0.010118062971215425,0.012513207373979984,0.014513529083190813,0.029769751462077165,0.02628887803736535,0.018457079818990474,0.025250872899200916,0.02568193311738831,0.013480427774799075,0.009567184407669904,0.012540336961599508,0.02104514641015376,0.015773965330207584,0.007263888553888709,0.013691724471688982,0.01652709644084771,0.023026356482291455,0.015184052989897223,0.015691389869963324
2023-06-27,-0.008174429615223744,0.014411999639597273,-0.0031167195553810645,-0.005132805468391677,0.01293833874150696,-0.00879767755830596,0.0007860127318413124,-0.009272644336451918,0.0032330045316151246,0.0024930227739248245,0.023681606060504734,-0.01570496707782154,0.01571940595650867,-0.0022563392667855897,0.008315615512360042,-0.002096073369740048,0.015358401798247767,0.01147288743816044,-0.008143798356100573,0.016469622704028852,0.016216906030606548,0.0208868638841484,0.009655671738656446
2023-06-28,0.013431066692477733,0.005166293497716579,0.009053614774227503,0.017065310577026205,0.008240547788725516,0.007819075821060117,0.010131951598908007,0.020278827048233472,-0.014625611456406729,0.008130081300812941,0.004318479337085623,0.005117893697590636,0.012500132070930814,0.010402493335091467,0.009826240219606985,0.00577629254243317,0.017142830743989368,0.008966240386447888,0.018524036024382573,0.009347751466387999,0.019534995893710327,0.0029475808343262244,0.020720447277867038
2023-06-29,0.021686704940059753,0.007388376382106099,0.008520607982096307,0.005365221084422611,0.02697179257436888,0.014887895045489818,0.010885612510738385,0.01627851196573804,0.032452837484472585,0.012333913859090107,0.019348828196768197,0.002321208085388271,0.011169873065829616,0.026410039996952683,0.010773294576696735,0.018447635607589108,0.01602772815527942,0.012098477231358817,0.012927635230891799,-0.0024696480680208577,0.014842760112506292,0.007952287881023645,0.01592737884897244
2023-06-30,0.007370250054939076,0.007971944169571588,0.007104449404921942,0.005336739305680904,0.006764832237798224,-0.0012397305704064943,0.010383849606676154,0.012743374773771965,0.0021929241422962154,0.0051547464231702644,-0.0060257826580276674,0.015613182590212826,0.0011627154979656495,0.003925043592958755,0.0022348293256051477,0.004784653227232649,0.0037404845055224456,0.008991862395361538,0.005386468445757409,0.013410379285740737,0.01183361714956499,0.005917227427713945,0.003074203660803354
2023-07-03,-0.0032190979314470347,-0.0003162947706154551,-0.0008896937101039448,0.0059840159802846404,-0.005138333450124599,0.010136628030743777,0.004491360186893889,0.002271878941835448,-0.010940909019990452,0.001957974583024713,0.01939970427173421,0.010739323101041753,0.0017421622740949605,-0.0008688681557523781,0.008061725491217864,0.00697282813988398,0.011017524027030712,0.002935676420831035,0.002703030481769675,0.007125418891645863,0.01195795793357779,0.0011081833327957202,0.0027582257337794847
2023-07-05,0.008514275145857342,-0.0018987353362923676,-0.005724934597355347,-0.002014836707112444,0.000794719952915024,-0.006758232772708261,-0.010231003261246263,-0.0035745310923193108,-0.006882963920430196,-0.005118145329467527,-0.012786152418706398,-0.021614183512884688,-0.009855121842741732,-0.004347784282142331,-0.011315241061307213,-0.005404544652368615,-0.012980821329542147,0.0049131619723521425,-0.0010108288947000554,-0.003436509538965238,-0.007271926466837941,-0.005790676463588218,-0.007946263429447153
2023-07-06,-0.020378456732349837,0.001902347390504655,-0.021943471892302502,-0.03537789110237777,-0.01468845438572175,-0.01958762628277233,-0.026263444469459274,-0.017849376464594835,-0.027722764931794708,-0.03732120760381863,-0.005722925316456129,-0.032356440227671035,-0.012880423467622082,-0.015720573742243227,-0.02469674206216199,-0.02173538924935048,-0.010553671163704093,-0.007593823531741983,-0.021876411086986458,-0.003651043814555721,-0.005755279258780832,-0.02817987168528735,-0.0027726712268886233
2023-07-07,0.03744432464296965,0.04778483929669153,0.008764945026008997,0.028802205984615803,0.016921809202879556,0.02733959107313244,0.04112604090401928,0.03518936222811342,0.010947016783116936,0.0023320007291649514,0.07785528302207823,0.03320787872553477,0.0035587226078550582,0.04347828683528854,0.04129169736728344,0.017358081954957916,0.02018381232862798,0.042347967228004935,0.016798821955446686,0.08611562016729413,0.016971463743280735,0.012515393898280047,0.011121400306563833
2023-07-10,0.004869674042942362,0.0036241682840822964,0.006678776065784486,0.010849491718737614,0.011093535432169954,0.006960104948078527,0.012764424198376645,-0.003700573715909372,0.014605956567261602,0.0148313146481458,0.011804271439207703,0.011754995544850377,0.0017730515054501517,0.011904745357869562,-0.0015251454310608592,0.0015356258117131816,0.003699571920393163,0.008950202089362591,0.0,0.005060854712669816,-0.0036222226396108725,-0.01975972765048606,0.005499597390627331
2023-07-11,0.06271371405381632,0.024074648127701437,0.018486281708011587,0.029611923303063392,0.03409092288024884,0.027851290299160336,0.022745918002643917,0.033082881245249274,0.006701427170798802,0.012226563183527217,0.04222226021761388,0.023531153630047097,0.017699017221602498,0.022268911602986163,0.018414825714082372,0.03151613164298239,0.0150640558103452,0.011860791163507578,0.03401162705080241,0.04531891714640701,0.01921575186291724,0.029659864657453072,0.01944696099011267
2023-07-12,0.006169533871829724,0.012048087595246004,0.009613055893239242,0.017405027499518333,0.0034103612936755567,0.010482569111793127,0.017281531378597004,0.017642155451716768,-0.01923082570962864,0.004907072466247886,0.010660855103624911,0.011926181578868267,0.016811651535532324,0.018906786416181154,-0.0004166443674660236,0.012716747326586786,0.01626144788621886,0.0043340755697063305,0.01171399902089365,0.01123998361462375,0.006624194221811486,-0.007848203607988546,0.01669149207117382
2023-07-13,0.029058950068070466,0.00696875860116708,-0.013342558029776463,0.011343956098656127,-0.0011329234197124949,0.0003914853546724828,-0.000716713527984747,0.007065957403977086,-0.009301166874364886,-0.018311573965849592,-0.0044829305631713945,-0.007951801505462042,0.003420756283764703,0.013715121191841817,-0.00033351870005737805,0.0019569504690211126,0.014758469652002226,0.006080866376353189,-0.0033345682516645603,0.013055773753162914,0.007086855887305399,0.004085545213798447,0.004397505284155612
2023-07-14,-0.050777140586111824,-0.009515688532158562,-0.024950853660380634,-0.03129814020703703,-0.037051075745436535,-0.04324005535409425,-0.026899070291788396,-0.023122108985972,-0.030449193589590084,-0.03443660478430477,-0.022781568931137253,-0.031990219947932275,-0.02215922697306305,-0.04178274877588173,-0.0125915899143062,-0.03352858786844448,-0.024341786802142718,-0.02066680550903699,-0.029182163242281955,-0.005050446479954562,-0.019477310711361162,-0.017574204928023418,-0.02568579778762381
2023-07-17,-0.008460664771035353,0.008733855951016167,-0.0009114321485796939,-0.006069551470127443,0.001963132263623546,0.00040893795182284087,-0.0014006099124583837,-0.0021020300119650726,0.006542884752366307,0.004358992617765622,0.012740678139495865,-0.005618808070216308,-0.004648504079688864,-0.004983404755852572,-0.002364735513748495,-0.001515712772752642,-0.005021144384673493,-0.01413494587650932,-0.009190070653079307,-0.01085252672252035,-0.004229180384623721,0.0020267892527905396,-0.01108461855705889
2023-07-18,0.04266439843847758,0.011255306178688418,0.0020202296891485005,0.02170230452960964,0.03683380183074991,0.03250204585733529,0.024654873546695155,0.03446243134095872,0.03068117783879054,-0.00453730860574153,0.020074901816219626,0.01598513418348224,0.008756808785246983,0.03505846394723933,0.011004827098798575,0.013324398105065471,0.014351049716873066,0.021405501381932757,0.019951731152261898,0.008317126178363443,0.009910031867233826,0.01503821067880895,0.009996992850668462
2023-07-19,0.00395981476749796,0.004566213062196844,0.006113876144826724,0.006712673285464765,0.001511803927779054,0.002177816463469817,0.0006482724442875565,-0.002687958896641751,0.005802292242778506,0.00693620491293756,-0.028863853281763663,0.004463989912364408,0.0005786662530400388,0.0028226543092895184,0.022439946676510614,0.0013314749147341765,0.0069961953322841275,0.012850908215404022,-0.004831170741085189,0.0066690179316493126,0.0034406658357628572,0.02252642471747257,-0.0005998208638335889
2023-07-20,0.005029137412547291,-0.015340919179371304,0.01105423333854616,0.020186280514876698,0.014339580914146,0.015408914987579792,0.008063505793764802,0.00857558974840944,0.023827319375248734,0.017614600467508623,-0.015131075630950841,0.022439112198356037,0.02024274641574153,0.014475162095927807,0.0175251993803196,0.0049866787164620785,0.01790967643680097,0.015518295411622196,0.014420991526162386,-0.0017434452036736436,0.010795050189372324,0.02296223808692055,0.008403236959017901
2023-07-21,0.017645467590946318,0.022215825569971814,0.014641963303272831,0.0107440959688192,-0.006324485150474679,0.016731504184916313,0.008712996774892456,0.009069582217073435,-0.022537782620098312,0.004641675864396344,0.013443086543055704,0.013253633507869456,0.009070268671141024,0.00237820520735621,0.012635756879801674,0.004631253711042227,0.008493701286116151,0.016146061447289917,0.012714679325522837,-0.021830218923991063,0.013443920383844121,0.0187194912703037,0.007440500113816917
2023-07-24,0.016563097863210086,0.011572121588292017,0.019724148944894493,0.016210437792272714,0.005990397856503016,0.01588216161168199,0.022727280295205876,0.012358564917204662,-0.005012622324058191,0.015689670437721626,0.0357336711446663,0.024331926939466397,0.01741582607419989,0.013839442544319125,0.02042600218514501,0.026012502154367345,0.011430394495135499,0.010592981143924707,0.010099524999245268,0.018032593900245697,0.008926411179810412,0.022115527111744138,0.0032497151021035897
2023-07-25,0.007383006347994492,-0.002790072727687609,0.004572818344298346,0.012726559778101665,0.01042050156447627,0.005839133737406632,0.011007306006840523,0.018628619975166405,-0.0015113916243642,0.0015163357536494004,0.004181863922811502,0.01153371841573625,-0.002760945085704014,0.013260522523313112,0.001713520180478989,0.01749034454705356,0.004312215874022751,0.008048690424057092,0.006879834736409629,0.01508238414902019,0.003563514756164343,-0.009307092357877744,0.0005888700449450113
2023-07-26,0.01061412092602576,-0.005875880564385927,-0.007504891475885067,0.005594865690446538,0.0,-0.00468165866324155,-0.00718974988309784,0.006381371682998127,0.047426875908243904,-0.005582916769742541,-0.005465851520128906,0.0019002292169720825,-0.006090742929106496,0.005003852704554168,0.013529378720986918,-0.008831409172910587,0.000888391926889609,0.017454234862134044,0.004646313175097783,-0.003628268801922463,-0.0035508612098459347,0.013168424963296843,0.0026486436486290454
2023-07-27,-0.012753231843108837,-0.024486365516859454,-0.010412778112527832,-0.008987494145230146,-0.006629863950951553,-0.01749762647537645,-0.004414117390610484,-0.004330443645311766,-0.002408475568419721,0.0031401421672720975,-0.007327888554638062,0.0020322914889621124,-0.008356665323992152,-0.009574820041727605,-0.005907171298621838,-0.015910945790671538,-0.009763288723905195,-0.006387412189303943,0.00045337262232925113,-0.011270910867510642,-0.010076174623705692,-0.005626838261271305,-0.0005870836990639061
2023-07-28,0.01697067482395731,0.02192719704412327,-0.004948049815704625,0.0012956194278872513,0.016314441181500383,0.014936791819327278,0.008936557770661935,0.015066740336162399,0.02076285970945202,-0.011952075653527183,0.006063768047737783,0.007436552910442762,0.003025756156496362,0.009280697082577394,0.01736365277549856,0.0037187374496410186,0.004182832436450568,0.013407991638909156,0.01246319208834401,0.002279837977795296,0.0071196231473453775,0.02869218283006858,0.00029382924106768904
2023-07-31,0.008468209191734966,0.010446192550433997,0.030150559275457622,0.015440322830792885,0.004742859055430371,0.01886789382522447,0.011535237631040474,0.014001578349790433,-0.002365091493132243,0.029569743828598005,0.024108982338730156,0.018185415068083133,0.00796808391945203,0.0065134428772761765,0.00902687123051793,0.016913672220387088,0.01169543909187265,0.01087451642445525,0.010161137543928556,0.02082243226068692,0.016867193954073878,-0.0012396428137236848,0.01145034307933157
2023-08-01,-0.006174400128570956,-0.0005588156729686711,-0.008310029562497823,-0.002888191460110656,0.002178565178799108,-0.0059258554801839836,0.003801266578065121,-0.005885483693830906,-0.012091172270872752,-0.005781316241081913,0.004861850846342497,-0.000856781025845299,-0.008469721646521045,-0.003426008515609813,0.014433886036431254,-0.007761839995744979,-0.006563219432820566,0.005020186921304903,-0.004386936441776901,-0.012512876312776866,-0.004634687460480125,-0.0010860788613895611,-0.010159728516401456
2023-08-02,-0.03056665048909346,-0.0058708452865304794,-0.015834809936817296,-0.015249588047678952,-0.020652115144582872,-0.07339788023056593,-0.007370835458883507,-0.012979102754038241,-0.019438299332085962,-0.01247423951090254,-0.006111561417440292,-0.014116059302714534,-0.011389538005543764,-0.01795270498523105,0.006891871846929742,-0.01867805512001952,-0.016216298532037765,-0.027829792608534132,0.01450951616608065,-0.0024301377164897,-0.005391497684326785,-0.011272063759091289,-0.012316648958688226
2023-08-03,0.06793132893893827,0.0025309352808342567,-0.0003756994661558988,-0.005190795082012811,0.024787284287636213,0.021913849796765472,0.01103625165592903,0.012688431867907024,0.02129212086763821,0.01738059210465681,0.01691009198184812,0.01659302871212809,0.005760321134381519,0.0027227471907318446,0.0025760120468882874,0.012038297613066407,0.006715598259921185,0.013028686998272976,0.008949700409296879,0.008874143115106481,0.007884680135237243,-0.0056210953536572905,0.022565302307364643
2023-08-04,0.005040769985627858,-0.0036465661826439177,-0.0022545565440831306,-0.011131401109256367,-0.004693204335428525,-0.0005902317683514902,0.0010780993507741865,-0.014351822003186854,0.0016774671783386097,0.002800490808713363,-0.0035273679730457586,0.006581560822370935,-0.005727329875058529,0.015515903454180524,0.012700027384069612,0.021057738452864516,-0.01076415184253654,0.000633976241692924,0.017740695293197106,-0.00534668049464726,0.008067475787722156,0.010270720772854514,-0.002322764868729732
2023-08-07,0.007165022221566453,0.007644368094896992,0.003640652065428629,0.006771638118376888,0.008342395838869088,0.00019686011587816132,0.00013453814794894825,-0.016718130614259086,0.008373289972588793,-0.0020480205984249045,0.001011414746286965,-0.007192359750841204,0.0011520195056222704,-0.006111579460926664,0.014860621588479006,0.005982448238978977,-0.0007662588851562457,0.008689404539790058,-0.007433946557895643,0.005202087215604223,-0.0046078051732159064,0.018914000336529124,0.0032013655757394677
2023-08-08,0.027507859765443454,0.0016858611225549769,-0.0015010019823507026,0.009696024071003562,-0.00719424610693431,-0.0007872083238079641,0.004105235404284535,0.0060330981537441986,0.021666628529325882,0.004944105110458175,0.00479912296581686,0.010339821157398177,0.005753804442567345,-0.007686395251127243,0.01271422324488114,-0.002347496643151814,-0.0161042512245142,0.011127015681087649,0.004605686022186362,0.009315178478174202,0.00901453353839532,0.015855801876421216,0.01044385503855172
2023-08-09,0.02054002972960789,0.012903218169597608,0.0013153632674520743,0.00735353150638729,0.025000054347486866,0.008272546813367754,0.013952536347656475,0.018769541197672268,0.026567194837487484,0.016986863146645437,0.017094058422107095,0.019490162486211382,0.004004499162791442,0.01742844360307494,0.016010817302593905,0.000941208140210481,0.0031176527879170912,0.015441969006401157,0.013710903152325038,0.01709105786226872,0.01750570240880389,0.01987209720827665,0.012345527781904675
2023-08-10,-0.0015829825042429357,-0.02160059196585895,0.006067748917833127,-0.005238783656707269,-0.01661365385310065,-0.008400033573483845,-0.004852723952464277,0.001834747652654789,-0.028603877917939058,0.005111438861006068,-0.0024715715549631367,0.0010871024260663553,-0.000569663195344905,-0.0011421004414458036,0.00853858081768566,-0.0012537641339384065,0.012432033418861232,0.002184926607752269,-0.002874119243040374,-0.009914316790369804,-0.0008305029906758854,0.0067936207168799445,-0.005672034640108237
2023-08-11,0.016534519132800796,0.004245560371295198,0.020642939090393497,0.017094045650051903,0.008267427924376403,-0.0068952244232168836,-0.00026720788586076516,0.009767202334265646,0.006076175903431125,0.01552849364673592,0.008424202338702669,0.00708931857247963,0.013683029188559015,0.02286592794986486,0.03076808114358287,0.03310827609657063,0.01673051065086395,0.017179772065908816,0.0036030540726363913,0.012389767295404308,0.008668835728770974,0.03114337541560519,0.009127202853735694
2023-08-14,-0.004901985928815189,-0.004227611790213359,-0.0007310715162246462,-0.0010185172653885965,-0.0028520780031672244,-0.0023804420825453976,-0.0048109233281293795,-0.006423415442167069,-0.003484280580332122,0.0008047554005861102,-0.009582326559057441,-0.003234346360226459,-0.006186762391645728,-0.014530561746504689,-0.00808011782930218,-0.011087393348752972,-0.004377948938460996,-0.016889612375024288,0.0010137285896083537,-0.0021793832308030225,-0.004120610161852611,-0.018409264178101292,-0.009892669454157899
2023-08-15,-0.017913088735443505,-0.006227017330690421,-0.029201903713996114,-0.014251616981932336,-0.011440804076766509,-0.02187320173621754,-0.01027259367211919,-0.017797396873689086,-0.01631703670567919,-0.025673345329069952,-0.02034232202388886,-0.010179967030178316,-0.017543911679387958,-0.018595798856176682,-0.034981979294953724,-0.02395937689742278,-0.007884718871296603,-0.01081359276702809,-0.01383971238684878,-0.019993311893712562,-0.0061473336799832135,-0.03926739479269348,-0.00770764538350277
2023-08-16,-0.005016073041161806,-0.0039875271496906395,-0.003830631443692001,-0.007531821133692107,0.004007231454348448,-0.013620530662511676,-0.0033240941571111016,-0.004181386562233769,-0.005213240471230396,-0.01682696380184745,-0.005064562257983463,-0.01812694573635454,-0.008640593504707361,-0.011600961075807548,-0.008554293520157907,-0.015735687406468357,-0.002903962520874215,-0.0014106836505943798,0.001839815659634203,-0.009600564440971127,-0.010348518591720701,-0.0015251251524597276,-0.008342831867056977
2023-08-17,0.009395095601663295,-0.002859620884941183,0.016738731010061736,0.018230989367872263,0.013425274886932348,0.011129414110643054,0.004015840542864302,0.008786826839601414,0.02215342474299531,0.019371851627032255,-0.0005090538442671377,0.010081708171781667,0.007553843691824325,0.017214402070570012,0.0077087263750441615,0.009752219956575381,0.0015327527401396424,0.012208228102999819,0.010463436884403876,0.002077139532006278,0.0070914115465061656,0.008248161462371728,0.0040614424036797825
2023-08-18,0.003859322352190331,0.011184361872525805,0.007198692761252401,0.004797438795651976,-0.005370558935082093,0.01895635565818421,0.0035929099262617115,0.00693764284360654,0.013050569070129026,0.015129133522043148,0.003310486246586697,0.00823139861266653,0.0051902906976939445,0.014999962053393379,0.014948380510456882,0.014407912732179229,0.00397922409691942,0.005722320050955965,0.005325377361635297,0.002418450356640456,0.011457159467505917,0.011816377917158505,0.0046229375558484165
2023-08-21,-0.007236565819933594,-0.005955737576319398,-0.0033560912260379716,-0.0006821324978316667,0.015118830383825443,0.003600662493667528,0.002769539967417467,-0.0019904217389457024,0.025304750813129884,-0.012086505983431306,-0.010152456745533112,-0.012149663540266142,-0.004016097797426621,0.0018946988793546726,-0.01223891142721345,-0.005306754321568019,-0.005182831262167786,-0.00796561206384161,-0.0023963893674990855,-0.010167171779515094,-0.0025958710933792206,-0.018116559952914724,0.0017256804189365038
2023-08-22,-0.029385025518110175,0.003709011331272105,-0.008231564146221504,-0.009043537491448594,-0.010638344988559423,-0.008570735368407023,-0.001010414557698458,-0.008667649797486465,-0.026250797657661362,-0.0056113002791414734,-0.01076912954747733,-0.01073728948378383,-0.006336442690327737,-0.012481074350847332,0.0006999581228062102,-0.012866733114640705,-0.006129309441773811,-0.0034413230104965997,-0.009186997552200982,-0.01793171790418302,-0.009818981900187485,-0.0020585229441100195,-0.005742283665846171
2023-08-23,-0.001642794934097358,0.007959077385171431,0.0013205398381594957,-0.002927351251032828,-0.009677469563263874,-0.00804189832495128,-0.0005394608460957961,-0.002708187719713928,-0.038018436025664015,-0.008788082354948767,0.0036288552224175152,-0.007893676336859334,0.0005797953962467517,-0.014553837665234437,0.002098727561893332,-0.017326372569621662,-0.0024669393187477517,-0.00602085326666979,-0.004423475700186974,0.026236389389390657,-0.0008363496387127078,-0.011612831195388362,0.0020214519866723624
2023-08-24,-0.007287218978247023,-0.006486123797517118,-0.008226102505126232,-0.008721065253043947,0.006152744165345281,-0.010133788992590431,0.005329893448407619,-0.024904974733322982,-0.0011975604177393295,-0.007466209023530235,-0.01239664700063059,-0.005304389323657288,-0.0017381533832367957,-0.008161635481049312,0.002443280379168966,-0.00760272505780657,-0.004945900825549354,0.0011579955429106281,-0.005511193661111746,-0.01900145454100577,0.005500428803283164,0.0006957080485132661,-0.005187371897768633
2023-08-25,0.011839902602343688,0.004541495786163585,0.00747116674378967,0.014982539546897433,-0.002158200186147763,0.032555284280917585,0.0036240105528475564,0.011139475372790253,0.008153413494134787,0.017865526404282184,-0.0023535914225651933,0.0038662667585964705,0.0063842509119311774,0.003918506416902279,0.0026462053285238873,0.007986978641509213,0.008853733494252003,0.013346348569329924,0.004295931246351081,-0.005810959428136808,0.004637960100728922,0.02827119050074689,0.0043452752714479015
2023-08-28,0.003978543092502784,0.017236594723222476,0.006850253539032902,0.008582143424744837,0.005407343389128849,0.0027761068863338956,0.007555933315737784,0.0026754765461249885,0.007373875104250471,0.00840648720925885,0.014678826181969473,0.01852573655852341,0.0011533481852283867,0.01170956019533187,-0.006598106797942593,0.00646827463819033,0.0066204072563669225,-0.006673102096386607,0.011292622950874298,0.02426500770403739,0.009588041888711318,-0.011418180759281471,0.005768671692638616
2023-08-29,0.015617587904103392,0.0027776972627544527,-0.0015604482665300123,0.0011913629334912024,0.0057367890708825975,0.003164009900951781,0.0033846909876240616,0.0033746423549712024,0.00920904820607693,0.005954506117503255,0.0010333622564784317,0.008409957804640822,0.005184423184705578,0.008487619533032786,0.0016779140831184591,0.002570780626760971,-0.001988335477465797,-0.0038893072940011653,0.005667915618081221,0.0067439157695423635,0.004807117784599191,-0.0015957721622619214,0.00028680731263230896
2023-08-30,0.003442773825126366,-0.0013850015164560414,0.001375213386040075,0.008838985300494873,0.003208549995571408,-0.0013799221596241251,0.0007937235419042121,-0.000625721755662445,0.005849373503457045,0.009744090030186614,0.004128983528443264,0.00012927569694287655,-0.0005731501032626429,0.009181313966316385,-0.0009073744494363378,0.0036858982046128475,0.0027586743697556315,0.008518937443867891,0.0013038866955306094,0.013397413948640802,0.005834242391649758,0.00045659673399867096,0.003440364269903018
2023-08-31,0.00274476943971802,0.0038834465867800816,0.00574366831054296,0.0027801290693520997,0.0017768494987580041,0.008487991080521118,0.003106233494593047,0.006652539912987976,0.005350078845282935,0.002795875727438002,-0.007453120521495937,-0.0012927882711010197,-0.01261475279480484,-0.0011371776556319269,-0.0025848232555417683,0.002554649487801708,-0.0035152358638306236,0.004487531248094534,-0.0005881422842090034,-0.00067796725167657,0.0005800668550421939,-0.011791553632535257,-0.013428532956847206
2023-09-01,0.02828469005884804,0.017131924137213206,0.019863373328894873,0.026127847587911868,0.009577845993782086,0.03581906839069604,0.018974801773009586,0.018348558411320548,0.023137375247547,0.02095509331051071,0.030813124619978538,0.017475730084067553,-0.004645767812374024,0.02884255849238615,0.02234361484579339,0.028348438174941704,0.005368162903937712,0.026366446934472876,0.01567693002314119,0.019674388889984185,0.014840568753509809,0.028329613595258873,0.004633534730085653
2023-09-05,0.005323841867997725,0.0070632389848521715,0.01314675063920201,0.005649283339097089,-0.010892437333242633,0.010959962516366772,-0.0030389511899081567,0.01839988593120223,-0.022840398191242617,8.810085683008673e-05,0.02648171659048293,0.004007637276610687,-0.004083935316987142,0.00184430775001454,0.007262285959237058,0.024934067799269544,0.0016781014493112423,-0.003669911294323036,0.01338501259656244,0.00567899021393603,-0.007768688100938892,-0.0034437597357753758,-0.0072065980970915655
2023-09-06,-0.014783724678759103,0.004046385025850308,0.0010212158164795149,0.001953910720026375,-0.0028419354867333935,-0.0001868518439273048,0.01238737782371846,-0.0020241388142111516,-0.020365540847030572,0.008632106142482776,0.004422593921282303,-0.00012679282033711825,-0.025776252950865275,-0.0025773057713479597,0.005917548792331306,-0.0092172493376117,-0.03061230746337751,-0.0008566022280364072,-0.0068304115393761355,0.013120763623235332,-0.020955700773681363,0.006835978801740472,-0.01742158892710466
2023-09-07,-0.006271036613686665,-0.0005373093469150936,6.005378005702333e-05,-0.011050631539353262,-0.003918789709507986,-0.018508165778966745,-0.007879615241732196,-0.011793908048098434,-0.013465742670515035,-0.004890455899062007,0.004892377168744133,0.0032951836929979716,-0.002405295220839765,-0.014396490010479712,0.02028529782499322,-0.01254008464697598,0.010369164919629137,0.018089881988815115,-0.010026123367946393,-0.0027868630980995013,0.005645084641519249,0.01656349606040397,0.010342636636102354
2023-09-08,-0.0024792086317622086,-0.006720441612225403,0.0034205467267611755,0.008298430192885453,0.008583743192381421,0.00304762012856985,0.007490142840361758,0.008969882062399126,0.017241456771661223,0.014567865616373687,0.004868465074077122,0.013831924261479056,0.012658217481693601,0.02284644294186733,0.02929285955344718,0.010995754442058914,0.007152852271398169,0.02930529089448486,-0.0005440331174010327,-0.010849989917830372,-0.002105001265083062,0.04264210865610041,0.0023118148588112675
2023-09-11,-0.030953393973943366,-0.005683336610717182,-0.020632763024757805,-0.018578821478561713,-0.015957483414188456,-0.03570077145647521,-0.022239331150579522,-0.01928721431897862,-0.006355949008192141,-0.012542151918190303,0.0009690312824459646,-0.0160105661878166,-0.007738077977376245,-0.04210913313073561,-0.00798396548576541,-0.022058746802568252,-0.003705371838887195,0.0008998899798515758,-0.02169000500997953,0.009971769237164141,-0.01757880027788905,0.011826085562971489,-0.0038439093859442552
2023-09-12,0.0305432573289961,0.009798551226144925,0.018624792777748533,0.021919586124757418,0.02594589564239924,0.012012656505991037,0.024580558840701983,0.03011450921307901,0.03695809459603128,0.029169537440738802,0.025169402395344376,0.02089267980870768,0.027594463852175677,0.037079522488800754,0.011423299204478932,0.04057016393597901,0.027739055350335606,0.01585745609066591,0.010914236460602078,0.021885781621812095,0.01622333011220256,0.01753163530140478,0.013950774867232063
2023-09-13,-0.047511399220147243,-0.02318058362698472,-0.0036568319866778776,-0.006256118417819034,-0.005619917708082678,-0.014399636522916981,-0.003326807307167945,-0.008799969940800123,-0.018734280683279536,-0.008936897292849744,-0.010859286066727813,-0.004961195247477734,0.0017513444404020362,-0.020641387509331643,-0.0022460369440192585,-0.001655881698244266,0.010253243953801006,-0.008931434496164181,-0.001524183286822356,-0.023832532494138303,-0.004930239254218094,-0.005333015570150534,0.0029273188988594434
2023-09-14,0.020902631313691966,0.012141309797226274,0.0061972752435919265,0.017905308106877182,0.008477553460495724,0.015350872100988067,0.01367225043284881,0.013166802034186631,-0.00838192075446742,0.01786318822978039,0.007398591371556407,0.027609849933305952,0.008741186764583464,0.028603742643609653,0.004566525461862758,0.014776932281068467,0.02283580375220784,-0.0016237678202047912,0.006445344475835002,0.01616629927903679,0.011442768232404754,0.0032306901394481002,0.013426859808384206
2023-09-15,-0.012098665074317339,-0.01417675404752039,-0.004365154625810885,-0.007469836293603427,-0.022066507833952476,-0.02454348106805393,-0.01374104185765701,-0.018416931881694798,-0.024888485488369527,-0.015356031608912746,-0.002369111341334218,-0.024884108495204504,-0.013864727274031985,-0.016465504636005157,-0.015237887548354534,-0.017087731038001208,-0.014446170807848824,-0.015776214774110064,-0.014114171046130775,-0.0165583728675186,-0.012596216686185047,-0.01555326446862848,-0.010944751092305527
2023-09-18,0.005887929455451912,0.008296538690127031,0.004324284679358303,0.007364219474994105,-0.0007163539216437087,-0.0036232450334231503,0.0032744116068008644,-0.0022694877599893637,-0.008186881959467374,0.008054891912563145,0.012586044307563826,0.014031741225842609,-0.0029290912278715497,0.0007440640579285951,0.01644884566406568,0.002569890409117148,0.009623960896619321,0.011732623417267884,0.005470074102386313,0.010399396268591099,0.011812006552555987,0.018095785333551273,0.0026208448169189325
2023-09-19,-0.012643458529993268,-0.007679657876591972,-0.0001195915813796411,-0.010604093515516388,-0.012903200924400227,-0.010302995841233509,-0.005567636220232486,-0.021838102599204157,-0.004855460959706681,-0.0026351494140319787,-0.028377084899868787,-0.02189421470457531,-0.005287875620772264,-0.005576188851752928,-0.026800536536747188,-0.007690024410870744,-0.0060126907080437775,-0.018211505681612783,-0.005737876070029291,-0.012742963046227573,-0.005953800635886797,-0.02474701688187586,-0.0040661754030552055
2023-09-20,-0.021105041986988038,-0.010503075405324913,-0.003050180616875009,-0.01615786779142503,-0.022512688063891617,-0.02265768325222428,-0.01608856087080135,-0.027131780609593537,-0.024152234234394165,-0.007926400939674116,-0.0033791448002112867,-0.017354151591438827,-0.004134706646885422,-0.022429899982754686,0.0034176678057549204,-0.023704525910644758,-0.011360238206796658,-0.0012477092987197569,-0.022057841876811035,-0.010590764013450826,0.003288250062755349,0.0021729334569320358,0.0
2023-09-21,-0.027616212736985668,-0.020670285937544497,-0.00899881156672655,-0.01733098769941377,-0.030460611503435375,-0.03070178888220665,-0.010007195408723635,-0.02318729638242989,-0.0314999243308014,-0.014089330895354135,-0.012836089562451969,-0.03423348461704123,-0.017793677470140823,-0.010707400051824134,0.013755256469059729,-0.02630353213005887,-0.015221673681644399,-0.0010826733027538005,-0.025352962157209724,-0.016223455406621734,-0.027624940740555104,0.023291602518589194,-0.024496998104107215
2023-09-22,0.0019930781850419077,0.00969766402359995,0.006598443639837859,0.0007558785429582215,-0.0019158031638323303,0.0038784516475514064,-0.0052192204415141275,0.00024481673501242085,-0.007485880703882342,0.0015684791180075042,-0.0031893416878393532,-0.0053666579049417296,0.0024155798217861957,0.01120984596755159,-0.008464164796937679,0.005274885450122335,0.00303089959549685,-0.011339050169189013,0.0004485061519226008,0.0037402521775182773,0.01649214127594778,-0.007040259479583533,0.005082163197410061
2023-09-25,0.019890564879297523,0.014124208681057127,0.01461395661091891,0.01602883193962401,0.019961623666752804,0.019746731397772166,0.013747642051513465,0.024710483124588345,0.012223592692034435,0.011223264190713067,0.008614293242439341,0.012123691815103532,0.009036069565213412,0.017201847879554366,0.004821993649925194,0.0042932523695979885,0.005287754334351469,0.014167653061025742,0.01107268485095636,0.013550099960286,0.010421604150826935,0.008742270434130672,0.010113045731327208
2023-09-26,0.0007313585872010808,-0.005292496819554238,-0.005393862353282763,-0.007681525530092381,-0.008656314678831434,-0.011786959395279739,0.0027515404520974673,0.00978901651246411,0.0010277702599470473,0.0015486420252917021,-0.004636407410697152,0.0006581000501457712,-0.016716442607340065,-0.012025531251939281,-0.020622533597696502,-0.00015832286582684318,-0.030958802771466676,-0.006984899364630204,0.010330738069368905,-0.011864976987217779,-0.011369003953923817,-0.03384734374650644,-0.011189574036557293
2023-09-27,0.03239955655175519,0.015121871145298504,0.01930861569318809,0.029697157893771253,0.03037202220182733,0.04025560167457343,0.027244252408808345,0.023092713406387633,0.01668384901677311,0.03255730834557613,0.03039951484919534,0.03946325574980669,0.011536173084666812,0.04184097765821915,0.009336431558741864,0.03879651690293007,0.0004652695771929505,0.011555927093393148,0.027296317749747834,0.028242855483331608,0.02655595082916773,0.01673955251529513,0.015485298629514865
2023-09-28,-0.0035394440460928545,0.00937931352699839,-0.0026309396154960973,-0.003005909531049955,0.014369976667637951,-0.0006142204880648094,-0.0005723748858199595,-0.002619209396354516,0.020954223860942145,-0.006073177124500728,-0.005710163593447559,-0.008858462267641976,0.0006002118449570659,0.00073020958903669,0.013120847174616701,0.004268269419354098,0.00589051387478734,0.021357534587522986,0.0004272007330010652,0.002302579919659653,0.009816456409206031,0.02243833297410247,0.009090928658147535
2023-09-29,-0.02675827982292156,-0.03470895778555827,-0.011548191807343011,-0.023793993911321865,-0.017435560198046263,-0.02274123905563008,-0.014382049535558217,-0.02093147231762249,0.003462037033618026,-0.015819850351321274,-0.0308685877214947,-0.023238009884173905,-0.005398899122903034,-0.024078844231132823,-0.020009025059143704,-0.015179197128459054,-0.022499594939403122,-0.026179192224971115,-0.019812989097789946,-0.04332124650339886,-0.019670621452710924,-0.037165277861390345,-0.020924107674103798
2023-10-02,-0.03819952964512774,-0.021517516768624123,-0.012335357496308319,-0.022537564687993172,-0.026987055956175898,-0.04297697324379468,-0.030217007057361855,-0.02445565817944806,-0.036717610220388885,-0.016584493402085787,-0.018024659238463303,-0.025359539918552,-0.02533170350596281,-0.04336443987878991,-0.008722098161672354,-0.039765660565618144,-0.02490936492742324,-0.009404988349018484,-0.02217380171025407,-0.006174997018323025,-0.026714930347357613,-0.025545189870848195,-0.022558614398234367
2023-10-03,0.003288645466702933,-0.0008681635726290882,0.0023416966148861462,0.004269840677391112,0.0007599012748877865,0.002190586465359745,0.004593836441903365,0.0046902404757391825,0.013558363436310783,0.00172966432580135,0.007291932513856736,0.0025483394686238725,-0.0037128766383570655,0.0035170013728424987,-0.018330870801504306,0.002568257067482982,0.0021018793428753124,-0.028482587120998715,-0.003653199197317436,0.011563715814140396,-0.01630102112626175,-0.032659760878065214,0.001214734429491937
2023-10-04,-0.041603605981229475,-0.040254864818322744,-0.023303144266497267,-0.036309483562246614,-0.01936222160086043,-0.05245907398627647,-0.03565509487934415,-0.03927878090339321,0.0007572812944369733,-0.037382370618148864,-0.0446830488826655,-0.041739138090939654,-0.0043478022384391135,-0.04984428928287277,-0.036531529466674484,-0.03874481330660917,-0.010164579282650354,-0.04445213740280618,-0.037202673263875274,-0.047432133393710996,-0.03460460688400124,-0.036757082681210806,-0.0012132606400204748
2023-10-05,-0.007366529908856445,0.006336732140058254,0.005274752211668066,0.0007940530997976314,0.010840137027806396,-0.011534057396421438,-0.002680243079556277,-0.0075401894710936945,0.036317747164806624,-0.022511239565480068,-0.005487247383578087,-0.009213938108643793,0.008109775403814856,-0.0065573646928175355,0.0027485981543875493,-0.010326493154488303,0.017766856830469413,-0.009141019553495,-0.0016719154836772887,-0.0077019999343640455,0.011611784054449181,-0.009248405578201835,0.013058013862870643
2023-10-06,-0.0037105483482273716,0.011394341962775334,-0.010189068179427885,0.016840093880285067,0.026426604592796332,0.019836695154382245,0.04210314301643203,0.018740436125163296,0.0413725548299011,-0.01669875062243531,0.016552670870120023,0.026137764958741316,0.006188127730595072,0.014438946144080811,0.006325507585885903,0.03332218283122379,0.016976359420283416,-0.002648934898342392,0.10453101454598279,0.005415139849541228,0.014223256560407238,-0.007452211502905426,0.009592267546414401
2023-10-09,0.04203244246077342,0.03172247221323721,0.027676745000980274,0.05627332671307239,0.050373181412769474,0.0549198820385004,0.03464916607369606,0.05435866536969147,0.03645714490244245,0.034991127682349576,0.06771791112872139,0.053072466016022,0.030750351549824195,0.06628708982457288,0.023676538901090005,0.045276884455122124,0.038582654508868997,0.018499842824881707,-0.007623267317831028,0.045601476320501266,0.02275807296156218,0.0033193674364140335,0.02019005930622031
2023-10-10,-0.007148276086687111,0.002873700699905113,-0.0010796446476436516,-0.011738653646112374,-0.0021314345504680476,-0.0006507273417067916,-0.0005751550168801023,-0.004165364086527346,-0.005862447794696912,-0.004237314606206577,-0.0038732169998599852,0.0017602778923966333,0.0035798993394331458,0.0003813966687558068,0.015965115100822658,-0.0031162526450760897,0.013798404766354633,0.010610570817264353,0.00759700825455778,0.006524719872943896,0.0007216073538407475,0.025679536192280583,0.0017462129316219155
2023-10-11,0.0010285204528568404,0.0,-0.03266478371779724,-0.002907215033215671,0.005695943245369595,0.014760154442549078,0.01579491285518908,0.00520875583473801,-0.012247707788408668,-0.03585334162384324,0.011907668339150135,0.008656027596965155,0.0017836223839358123,0.009912313670749962,-0.002619022081326583,-0.00984686325740991,0.008973917763906103,-0.002313380786560404,0.014363339873151082,0.0023882098038683353,0.0276442824358627,-0.004684842839329462,0.007844260443273576
2023-10-12,0.007449284195371275,-0.0037249521781083095,0.0008069235205716563,0.00891373130080031,0.011327434471003484,-0.0012834425858124776,0.02209624210792427,0.01248333809068125,-0.003214717434303127,-0.0001877614797310967,0.0021613781806346655,0.008839899262084172,0.0035607782914737207,0.011702498106125558,-0.006261911019211364,-0.0020520243662263127,0.009487096561692221,-0.012307152918512254,-0.0019101413940126877,-0.006637173337174285,0.00023383659516684752,-0.026003048751176427,0.003170899042026498
2023-10-13,0.051759320918648655,0.002300789404783732,0.01755257390030196,0.03096357894891466,0.01820091979122207,0.03641038360929483,0.02593007018252691,0.037841156134018616,-0.0009214655067861788,0.03193390653883377,0.01677453463803258,0.02961295584194157,0.011827338420158151,0.047388105658821456,0.004133064767634309,0.018190394050143555,0.014978037373243325,-0.0013543983219976852,0.03299211525668455,0.010107945173778221,0.019878463910038224,-0.0014259668918308321,0.011206985164584182
2023-10-16,0.022787818852689767,0.009182141778354413,0.008167720834938885,0.003604006154433348,0.0041251209176564885,0.020872154324098835,0.00504295991658732,0.007630731922629197,0.0029975470842580343,0.0007280811145429222,-0.0016498423980598753,0.0026712131643318315,0.009935696122063353,0.013537610042220871,0.01720650476734531,0.01553527281582312,0.01374410592857589,0.010669092045710427,0.0018929814155139724,0.00831076058015534,0.00814035732393692,0.02498996407201859,0.015345236536170814
2023-10-17,0.005688614558804428,0.012510802900232987,0.013240631974380745,0.0011970213126333284,0.006504653007879835,0.010728663582098674,0.006331735368716007,0.0020145091705079388,0.01747118027202288,0.013096905504728085,0.016052893058351447,0.01617005765714241,0.0028934946633607517,0.0063268265810350055,0.003913813262203858,0.0024475255509655014,-0.007991905890173068,0.019055348028078845,0.012381399974032758,0.01328849738603477,-0.0009098466283479212,0.011764733896608925,0.004757968824752101
2023-10-18,0.013198202911032464,0.0030889733787873297,0.007935971984062817,0.009006836291912679,0.010544175227782615,0.0030042919122359457,0.008606861708649216,0.010871047421449065,-0.01310434851590947,0.014004812890850316,0.0020910731855139364,0.0057919168848541425,-0.010963691123904606,0.0076842831457395455,0.01751029586540276,0.014802421226906892,-0.012516204526942576,0.020542465631203655,0.013460927434044034,0.00581005795613776,-0.003870194886590239,0.025321320637174072,-0.006963809431987378
2023-10-19,0.007210939457918064,-0.00391932377085491,0.0010656747752271212,-0.001658897041533658,-0.003702406865197627,-0.016573573138705666,-0.005885180764562459,0.00346199709147621,-0.01350731699662977,0.0006197500264306655,0.003014086911917513,0.006728468150414502,-0.007584467479860302,0.011785155924206148,-0.007468143443751241,-0.0006015991234400442,0.00830413132309804,-0.009118269263439172,0.00039181687576195223,-0.010232690138860745,0.002285445764974803,-0.012012175723016716,-0.002244106808648283
2023-10-20,-0.020673621496426486,-0.020798309179785757,-0.013424058611264944,-0.018357306782794902,-0.022635133841229393,-0.018883190469959232,-0.01444470766313699,-0.022021484668580116,-0.01717339768137005,-0.017165067284543256,-0.02658336879855061,-0.018424824328000744,-0.001175837648826783,-0.023980883181524804,-0.01295464739065999,-0.019259650986844457,-0.023551446280090316,-0.014324189775545837,-0.017232645039657046,-0.029348033609457813,-0.011629204256029202,-0.009364211498681607,-0.01827386161413902
2023-10-23,-0.023007619170156812,-0.0048795060196613615,-0.036863937738719876,-0.021924921692734856,-0.018320135418273154,-0.012624222334920332,-0.006967701145539795,-0.011934248938528902,-0.0018889683003580071,-0.014674149758503674,-0.010923755453461137,-0.010550862089847568,-0.0005885538163464821,-0.011231989989948565,-0.00934643502152932,-0.036207413628343454,-0.012429724934854391,-0.0043156350546392774,-0.014625569648359926,0.010822870573199861,-0.0033452822454629327,-0.0034304267383318265,-0.002290909308134137
2023-10-24,-0.004612736903219616,-0.005480150526543048,-0.02508088169322098,-0.0114554115691341,-0.0014084254517912065,-0.00503030813953298,-0.012460810967799385,-0.01291404396558038,0.006150924096995247,-0.009684762823656712,-0.03409372015065393,-0.03769371285619405,-0.007656048322754017,-0.0003549953973011055,-0.005486757352583416,-0.004616395673234686,-0.0020976945892170473,-0.009907122345530595,-0.009342368243054677,-0.03127122292724005,-0.010532422582443579,-0.014763168955449824,-0.010906944313700984
2023-10-25,0.000487816043016398,-0.013341059347336537,-0.004979175104813494,0.0038350185160207495,-0.004583957280989814,0.008004962669569515,0.008697814283985972,-0.001616092417460413,-0.011991487588707717,0.001845127619314324,0.0037286157472369297,-0.005282919592062729,-0.0035607782914737207,-0.0014204178242129828,-0.00861201404191747,0.011834360447951608,-0.004955051147171319,-0.010631672310229878,0.0008573155615909656,-0.006666661286856113,-0.0016376760656632294,-0.015062135121683085,0.0
2023-10-26,-0.014627066848430514,0.029394524752732076,-0.007185486225913862,-0.017440455774561103,-0.010981182029968783,-0.014211083028557225,-0.017974239186243968,-0.01379785705785097,0.018800566776164374,-0.009116829922572345,-0.023031181289328684,-0.007901535579759478,-0.0053604275117518085,-0.014935976651819116,0.004818482246814693,0.0,0.0007545818151739603,-0.0057792741793962765,-0.008565875107230392,-0.013246249003809774,0.004217984943950981,-0.011824045351951251,0.00348229103002895
2023-10-27,-0.007174594605817708,-0.005996552803733457,-0.06720517503680823,-0.0043106859266938136,-0.007879617855567123,-0.008479907226451977,-0.010326416635009217,-0.01524160771190708,-0.02008877103473372,-0.01905198722053869,0.003802240007707791,-0.06456455121198612,-0.019760478693947037,-0.007942274620200696,-0.013913284069748233,-0.01643749561860941,-0.013268945141975408,0.00753862372441616,-0.01756767567023354,-0.0007158533034495873,-0.01540077473982815,-0.014358692886584312,-0.01532682099837035
2023-10-30,-0.011213574656418257,0.004308981491624619,0.012053960778616979,0.002886253955979523,-0.013357420405282094,-0.0128287710849454,-0.010121899930125244,-0.004286006051019697,-0.018355216488251114,0.0031264205697625336,-0.004545443990160214,0.01312029276077209,0.002672920237684062,-0.011644810280695195,0.0058903736023998565,-0.008998887661156307,0.0025976920682548865,0.013612166223637479,0.0005026155897636109,0.010209555969724393,-0.0034569187941027035,0.005503434947148111,0.005286332817058481
2023-10-31,0.0010080875811415702,-0.015446282576078385,-0.0024642120379101407,0.0055866229995260586,0.006220211648759966,0.008663658143714281,0.011929617412138604,0.006377038767566567,0.029140396246682965,-0.0002833011771469218,-0.002029411152925986,-0.005304203878629843,0.004339839170179216,0.005522808157995662,0.02989244474226016,0.002270197287615572,0.008429327650375296,0.014496623982410028,0.00037669138836093907,-0.013120602707021867,0.00011964278006004747,0.022215043773131438,0.0049664688866659645
2023-11-01,-0.0027694009811416453,0.012202279580783904,-0.012008482052451863,-0.017929373691162653,0.0018182016363395004,-0.007730336156955286,-0.005676146455177222,-0.016079175250261035,0.008022680121582582,-0.0019839611621927933,0.002033538037699678,-0.014889078642996156,0.009259235275681288,-0.007323275652228678,0.026181864659777787,-0.007280384098475645,-0.010122639012372536,0.017708405752103307,-0.004728097961390065,0.0035932526432551626,0.006458568491631844,0.00574807593010096,0.009302380945964028
2023-11-02,0.002019641886511714,0.019230741702753074,0.03319901460571595,0.04585582116494602,0.01887478321541569,0.022938753844808257,0.02402607264247192,0.03566242594147617,0.038155377945785274,0.03284744227761616,0.029680393258066484,0.038734503110729346,0.03363909628307349,0.033566909844309656,0.0036079942294235945,0.031127747258401506,0.03269291261884577,0.01748649405802216,0.03350570554155152,0.026852871240548692,0.07248958245407922,0.009629707195987436,0.03081786897229266
2023-11-03,0.006802732857289051,-0.0033984406735129147,-0.007730514096185748,-0.01860346098275345,-0.0010687546068779419,0.0014808916033504094,-0.006983569526620603,-0.003808713918921014,0.008342747374896042,-0.01218959564133415,-0.007390997024230961,-0.010151586514920985,-0.0017750757381073123,-0.019985754251401477,-0.03203440758202347,-0.0041094192684894,0.0028506347736232396,-0.011259745320297276,-0.008745478830570308,-0.008542580353241291,-0.02360107760019914,-0.019618514211991123,0.008102877356876537
2023-11-06,-0.01651651307641211,-0.007104291269004248,-0.004132485206952197,-0.010688905155928796,-0.021397961307283442,-0.013096733390170923,-0.012091321302694191,-0.013576785913685163,-0.04941869126678966,-0.017721212815637544,-0.019111450046869982,-0.0035552696140501716,-0.011855409187314647,-0.03095409983281483,-0.005703739702782373,-0.01999677863149174,-0.008378180569652338,0.0005136885268868241,-0.018958526141264254,-0.006857750855879252,-0.006581954300690085,-0.004824849700617917,-0.0091463222043765
2023-11-07,-0.031043191595163777,-0.030910076096335226,-0.01761900276635242,-0.02717991057460878,0.00036440742234344903,-0.03060784329204369,-0.00843019262962419,-0.02990029912584935,-0.03758970420782248,-0.01567968411555043,-0.03972667087118331,-0.01914370348526173,-0.007198610598931454,-0.04058620397211998,-0.025080032368066663,-0.025101197312510704,-0.023838289984220884,-0.025588348103850134,-0.017149792883977333,-0.05577189219065237,-0.023075214203049477,-0.022015544742697957,-0.012587493893513213
2023-11-08,-0.0359769611530002,-0.003543973116411525,-0.013918824686679154,-0.006941462035627732,-0.020765056622522704,-0.024508804264648854,-0.017759268054817312,-0.011660207046000903,-0.021344430022342542,-0.012282824348467503,-0.004216142234398923,-0.01525006809643481,-0.012688767018333325,-0.026635391326083058,-0.018199209283191298,0.015780721815630727,-0.016537804182323423,-0.018004588125309584,-0.01395924541537752,-0.0075004849792283945,-0.025023380187678468,-0.011946381701162245,-0.005099139725358248
2023-11-09,-0.009534145542082983,0.005334809766574189,-0.003230247582295065,-0.002621210027032861,-0.0029762085597716537,-0.0009053719762460721,-0.002500494741744852,0.0007425683557504836,-0.012033079708717365,0.0002914206464796898,0.00026463092148443224,-0.004049138521071249,-0.007956001646343025,-0.0020121167977523724,-0.011846672088145271,-0.009321348200412083,0.003143183397488203,-0.010553632026619075,0.000690601556417203,-0.003589643652117669,0.003717980309426938,-0.013653568132429794,-0.007972685443059735
2023-11-10,0.015401472750094625,0.012382134620134044,0.007115605340267006,0.012790183952811285,0.006343295353192335,0.033529647171612,0.01369080505584952,0.011541593296260588,-0.0071047647901795186,0.007672913111432145,0.012962977792189578,0.009914384503796114,0.014188862589466611,0.011693652235859275,0.023483786892640746,0.006602812254877133,0.008303286293170897,0.025400070333623903,0.007375410228714019,0.010618033446361919,0.010395448581765887,0.02293194130306575,0.001148140251180596
2023-11-13,-0.007313018863947529,0.003785703772206883,0.007345230696482519,0.002868832778898378,0.0007415870233029587,-0.00438405424939492,0.0029800810312390347,0.0029340151092112077,0.017122365209727874,0.010505958370660373,0.009663085863231391,0.007698219837333653,0.0048661752498320165,-0.00039857392996645036,0.01123122864702264,0.01033129424806245,0.004661327671111826,0.006258812324949847,0.010404237010366968,0.013133273964395453,0.004139145146889289,0.013043131234301342,0.0014334463581182622
2023-11-14,0.025102268230349,0.006672455297106028,0.007291778760365464,0.0015603355081781345,0.008151127506785816,0.007045408291522337,0.006195533098097616,0.01673980717229062,0.002512620370234586,0.0038503146308503933,0.013450640613828613,0.0075694683200218105,0.016949078180278576,0.025230241488504834,0.026642171434772433,0.0019476718780369051,0.01654809208511132,0.00762149007263746,0.0038984724406392335,0.00648144250622118,0.017901266959251094,0.014565096352162188,0.010306416635452065
2023-11-15,-0.006920370605406734,-0.0011527641108891595,0.003515961130537315,-0.004414074192394479,0.005183313798485356,-0.004809756709507451,-9.794459354672824e-08,-0.016384284140502525,0.035839605275410635,-0.006040821247362493,-0.018887261921561538,0.0028519205188586305,0.007142907421607392,-0.007421895751030805,0.0032366819473490516,-0.006965776859687023,0.005933354172076077,0.004086262142512398,-0.007217949049433403,-0.012327467503505884,-0.001851251435200929,0.004917487056138148,0.0025502921375077925
2023-11-16,-0.03913167637177006,-0.04096936454693423,-0.015827828746922457,-0.02642789661643019,-0.030202567452875972,-0.027021128340188993,-0.021118129712543343,-0.019257345132476678,-0.030970300926344674,-0.011576350909153543,-0.03277828036979258,-0.018797153323378724,-0.005910188003476091,-0.025974020124967745,-0.03479009953992207,-0.016150051675545618,-0.009074502096064085,-0.007951796947708867,-0.012117333852455392,-0.029247424143882927,-0.028051446193487317,-0.029917267083867327,-0.01780674203234911
2023-11-17,0.028451896825043788,0.014139512102080642,0.018974411796140345,0.023216345421167572,0.0159513891952503,0.024158965837428825,0.02393438620645494,0.02734054549465692,0.00799000501673186,0.024399765980271937,0.0217859575682815,0.02113662254836357,0.008323388358414618,0.032727251149187175,0.01929695158641964,0.010777612516117197,0.016941402124889038,0.025015449641694554,0.0250054024675197,0.01420069472728569,0.025879525443462503,0.01796261871962579,0.01956837955297197
2023-11-20,0.0035259308891057994,0.004746361665901366,-0.0005537991647276419,0.006981438845663712,-0.002616811021466159,0.006393298342995957,0.0,0.00991938760503408,-0.006935813393736057,-0.0043826132668164375,0.005527689785327139,0.0003461648861655675,-0.0011791598758603694,0.000391245269592444,0.0073699232025836725,0.002952721921833712,0.0039021784023431927,0.014952288585561968,-0.003317178598433723,-0.0020812691506172376,0.00999768244493282,0.004995590553001028,0.00508042978019807
2023-11-21,-0.010270299138249617,0.0011810131912843858,-0.002354977041008288,-0.0019065882820592517,-0.005622174543272962,-0.00876234586143887,-0.006788329170838492,-0.007825642042020853,-0.0017460637205735097,-0.0003827838806443884,0.0002617906338933107,-0.001245635245376353,0.01062575557857226,-0.01016817489186217,-0.009128133164703844,-0.006378781709652448,0.0002990622311775937,-0.005926652651129016,-0.000926789676024331,-0.0003792414371782682,0.007826891421189863,-0.012507056409868711,0.0095478962897666
2023-11-22,-0.0016383823141379317,-0.009731584129824333,0.0020133890477611605,-0.002778498740225732,0.0052770217122124485,-0.001988938577557997,-0.0059964710667417265,-0.00869217867481431,0.007496232724363949,-0.004307839863930019,-0.008374806929799972,0.000554235425548999,0.00992991051170744,-0.0027656932556798797,0.01070244380408214,-0.008888912686671246,-0.003736362073188393,0.005110284093404971,-0.0037950657948162547,-0.003793635036997367,-0.003883009906014534,0.01778032373112759,0.007788614908906588
2023-11-24,0.008752726553724832,0.009231612319540394,0.003949227868069283,0.005572480610808617,0.003749545601187121,0.0042072573728231255,0.003048788333796848,0.002679214419149867,0.013144811093957154,0.005384074099530123,0.004486751397426492,0.006994591725288712,0.0034701829245422644,0.0043581858696146725,0.0019435243823084924,-0.0008303996570859784,0.009900930039852263,0.005253750580156646,0.006095250192496016,0.0015231742162440387,0.007108405279869778,-0.003190822622298861,0.002484123965654783
2023-11-27,-0.014642106829931834,0.002360632413558772,-0.003726661897022421,-0.005974498439472065,-0.01867762388681593,-0.009261274998563884,-0.0039449045533811455,-0.004048565010640104,-0.015177452999846297,-0.005833418878567254,-0.009721580858491508,-0.006189514528933571,-0.002305528221778319,-0.0011834590214616636,0.007023431784333178,-0.0048205116396145,-0.001633996001934368,-0.0025288327514871867,-0.00542726006601657,-0.0009505542713729165,0.0014800192194044381,0.005201676781699582,0.0019272378374222132
2023-11-28,0.0011007406538079412,-0.004415705636992673,0.00796615330854955,0.0015679468675156016,-0.007613275959435506,-0.0024482767619012913,-0.00019477196769712712,0.005203248927125204,-0.009445713955733015,-0.0005771215767806925,-0.004510458493473535,0.00754288009291626,-0.0011553177950344162,0.0,-0.003719678161688389,0.0031736305752108063,-0.003273340629370014,-0.0027888263834039417,-0.0012266781794386672,-0.0045670600393479255,-0.005342744278517886,-0.0029456471999375067,-0.0016486951359830915
2023-11-29,-0.0019241256945857765,-0.01419277192689583,-0.010995745344842267,-0.008784154694230661,0.0007671828921287371,0.0013387090738750107,-0.0012988648606816477,-0.0032351970439055133,-0.002509372094105178,-0.015014486670625549,-0.005863571127023293,-0.04148363327192861,0.0017350363047079487,-0.0007899075041363224,-0.017134523835562354,0.004495484412610384,0.005971063421920775,0.03576272220934862,-0.0130093114578822,-0.00841138301077815,0.0058285958426338436,-0.009262185024760505,0.003027758833240579
2023-11-30,-0.008537630447985833,0.012297535858897923,-0.0021541070857145073,0.014038768596858153,0.006132611976862767,0.002005335739759362,0.0040315391315675075,-0.0013794136062599271,0.005282995835790061,0.003908555210010434,-0.007238589209060842,0.007165442248581844,0.014434180392896234,0.00513838229389374,0.012006541137197013,-0.01955908455486688,0.021664922061075398,0.05457370399547545,0.007656144377294227,0.0032774722280211055,0.02772406263818583,0.010315915219276883,0.009604880505614144
