To design a hypothetical model portfolio using the given SP500-45 information technology stocks, I will consider a strategy that focuses on diversification and weighting the stocks based on their market capitalization.

First, I will calculate the market capitalization of each stock by multiplying the current price by the number of outstanding shares. Then, I will assign weights to the stocks based on their market capitalization, aiming to replicate the composition of the SP500-45 information technology index.

Here is a hypothetical allocation of weights for the stocks in the portfolio:

- AAPL: 0.15
- MSFT: 0.12
- ADBE: 0.10
- CRM: 0.08
- NVDA: 0.08
- INTC: 0.07
- CSCO: 0.06
- AMAT: 0.05
- AMD: 0.05
- TXN: 0.05
- AVGO: 0.04
- QCOM: 0.04
- LRCX: 0.03
- ORCL: 0.03
- IBM: 0.03

The underlying strategy for assigning these weights is to replicate the composition of the SP500-45 information technology index by considering the market capitalization of each stock. This approach aims to ensure diversification across different companies and align the portfolio with the overall market.

It's important to note that this is a hypothetical example, and actual weight allocations should be based on thorough analysis, risk assessment, and consideration of other factors such as company fundamentals, industry trends, and market conditions.