To design a hypothetical model portfolio from the SP500-15 materials stocks, I will consider a combination of factors such as market capitalization, historical performance, and fundamental analysis. The weights assigned to each stock will be based on a strategy that aims to outperform the SP500-15 materials index.

Here is a hypothetical allocation of weights for the stocks in the portfolio:

- LIN: 0.10
- APD: 0.12
- ECL: 0.08
- SHW: 0.09
- DOW: 0.08
- LYB: 0.07
- FCX: 0.06
- IP: 0.05
- NEM: 0.06
- WRK: 0.05
- NUE: 0.07
- ALB: 0.10
- PPG: 0.08
- VMC: 0.07
- IFF: 0.05

The underlying strategy for assigning these weights includes the following considerations:

1. Market Capitalization: Larger companies tend to have a greater impact on the index, so stocks with higher market capitalization are given slightly higher weights in the portfolio.

2. Historical Performance: Stocks that have shown consistent positive performance over a selected time period are given higher weights.

3. Fundamental Analysis: Stocks with strong financials, such as low debt-to-equity ratios and positive earnings growth, are given higher weights.

4. Diversification: The portfolio is designed to be well-diversified, spreading the weights across different companies to reduce risk.

Please note that this allocation is purely hypothetical and should not be considered as financial advice. It is important to conduct thorough research and consider individual investment goals and risk tolerance before making any investment decisions.