To design a theoretical model portfolio, I would consider a combination of factors such as market capitalization, historical performance, and diversification. Here's a hypothetical allocation of weights for the SP500-60 real estate stocks:

1. AMT (American Tower Corporation): 0.10
2. PLD (Prologis, Inc.): 0.10
3. EQIX (Equinix, Inc.): 0.10
4. SPG (Simon Property Group, Inc.): 0.08
5. PSA (Public Storage): 0.08
6. AVB (AvalonBay Communities, Inc.): 0.07
7. WELL (Welltower Inc.): 0.07
8. DLR (Digital Realty Trust, Inc.): 0.06
9. O (Realty Income Corporation): 0.06
10. VTR (Ventas, Inc.): 0.05
11. BXP (Boston Properties, Inc.): 0.05
12. ARE (Alexandria Real Estate Equities, Inc.): 0.05
13. ESS (Essex Property Trust, Inc.): 0.04
14. EXR (Extra Space Storage Inc.): 0.04
15. CCI (Crown Castle International Corp.): 0.04

The underlying strategy for assigning these weights is a combination of market capitalization and diversification. The larger companies in terms of market capitalization, such as AMT, PLD, and EQIX, are given slightly higher weights to reflect their prominence in the real estate sector. Additionally, diversification is achieved by distributing the weights across different sub-sectors within real estate, such as residential, commercial, and storage.

Please note that this allocation is a hypothetical example and should not be considered as financial advice. Actual investment decisions should be based on thorough research and analysis.