To create a hypothetical allocation of weights for the stocks in the portfolio, I will consider a combination of factors such as market capitalization, historical performance, and growth potential. Please note that this allocation is purely hypothetical and should not be considered as financial advice. The weights assigned to each stock are as follows:

- META: 0.05
- GOOGL: 0.15
- GOOG: 0.15
- NFLX: 0.10
- DIS: 0.10
- CMCSA: 0.05
- VZ: 0.05
- T: 0.05
- CHTR: 0.05
- EA: 0.05
- MTCH: 0.10
- TMUS: 0.10
- TTWO: 0.05

The underlying strategy for assigning these weights is a combination of diversification and focusing on companies with strong growth potential. The weights for GOOGL and GOOG are higher due to their larger market capitalization and dominant position in the industry. NFLX, DIS, and MTCH also receive relatively higher weights due to their strong historical performance and potential for future growth. The remaining stocks are allocated smaller weights to provide diversification across the portfolio.