Sure, here's a hypothetical allocation of weights to the stocks in the portfolio:

- NEE: 0.15
- DUK: 0.10
- D: 0.10
- SO: 0.10
- EXC: 0.08
- AEP: 0.08
- SRE: 0.08
- PEG: 0.06
- ED: 0.06
- XEL: 0.05
- WEC: 0.04
- ES: 0.03
- PPL: 0.03
- FE: 0.02
- EIX: 0.02

Total: 1.00

The underlying strategy I used to assign these weights is based on a combination of factors including market capitalization, historical performance, and future growth prospects. 

- NEE, DUK, D, and SO are allocated higher weights due to their large market capitalization and stable historical performance. They are industry leaders and can provide stability to the portfolio.

- EXC, AEP, and SRE are given moderate weights. They have shown consistent growth and are expected to perform well in the future. 

- PEG and ED are allocated slightly lower weights. They are stable companies but their growth rate is relatively lower.

- XEL, WEC, ES, PPL, FE, and EIX are given the lowest weights. These companies have smaller market caps and higher volatility, but they also offer potential for significant returns. They are included to provide diversification and potential upside to the portfolio.

Please note that this is a hypothetical allocation and should not be considered as investment advice. The actual allocation should be based on thorough research and analysis, considering factors such as risk tolerance, investment horizon, and financial goals.