Sure, here's an example of how you might distribute the weights of these stocks in your portfolio. Please note that this is a hypothetical example and is not based on any specific investment strategy or analysis of these companies' financial performance. It's always important to do your own research and consider your own risk tolerance when investing.

1. PG (Procter & Gamble) - 0.15
2. KO (Coca-Cola) - 0.10
3. PEP (PepsiCo) - 0.10
4. WMT (Walmart) - 0.10
5. COST (Costco) - 0.10
6. MDLZ (Mondelez) - 0.08
7. CL (Colgate-Palmolive) - 0.07
8. KMB (Kimberly-Clark) - 0.07
9. GIS (General Mills) - 0.05
10. KHC (Kraft Heinz) - 0.05
11. EL (Estee Lauder) - 0.04
12. TAP (Molson Coors) - 0.03
13. MO (Altria) - 0.03
14. HSY (Hershey) - 0.02
15. TSN (Tyson Foods) - 0.01

Total = 1.00

The underlying strategy here is to give more weight to the larger, more established companies in the consumer staples sector, such as Procter & Gamble, Coca-Cola, and Walmart. These companies have a long history of stable earnings and dividends, which can provide a buffer against market volatility. 

The smaller weights are assigned to companies that may have more growth potential but also more risk, such as Tyson Foods and Molson Coors. The idea is to balance the stability of the larger companies with the potential upside of the smaller ones. 

Again, this is just a hypothetical example and the actual weights you choose would depend on your own analysis and investment goals.